"student_id","age","gender","high_school_gpa","sat_score","university_ranking","university_gpa","field_of_study","internships_completed","projects_completed","certifications","soft_skills_score","networking_score","job_offers","starting_salary","career_satisfaction","years_to_promotion","current_job_level","work_life_balance","entrepreneurship","starting_salary_category"
"S00003",28,"Female",3.42,1193,715,2.63,"Medicine",4,8,1,1,9,0,42400,9,3,"Entry",7,"No","Medio"
"S00011",28,"Female",2.95,1120,594,2.87,"Mathematics",2,7,5,8,1,5,26300,9,1,"Entry",2,"No","Bajo"
"S00018",23,"Male",3.49,1112,472,3.94,"Mathematics",4,0,5,5,2,5,61800,1,5,"Senior",1,"No","Alto"
"S00019",22,"Female",3.72,1523,131,3.44,"Mathematics",0,8,5,3,4,5,32200,9,2,"Entry",7,"No","Medio"
"S00020",19,"Female",2.99,984,934,3.1,"Mathematics",0,4,1,5,3,2,45500,8,4,"Senior",8,"No","Medio"
"S00021",25,"Female",2.26,1415,898,2.54,"Medicine",0,1,5,8,10,5,42200,1,2,"Entry",9,"No","Medio"
"S00024",19,"Female",2.88,1245,201,3.36,"Medicine",3,0,3,9,10,2,48100,3,4,"Mid",5,"No","Medio"
"S00026",22,"Female",3.65,1142,342,3.69,"Medicine",2,2,1,2,8,4,48100,3,2,"Entry",5,"No","Medio"
"S00029",27,"Male",3.73,1340,216,3.33,"Medicine",1,0,3,1,9,3,50300,8,2,"Mid",6,"No","Medio"
"S00030",23,"Female",2.93,944,636,3.79,"Mathematics",4,1,5,8,1,0,38300,3,5,"Executive",4,"No","Medio"
"S00036",27,"Female",2.92,1190,418,3.21,"Medicine",3,1,0,4,4,0,70300,7,4,"Entry",3,"No","Alto"
"S00042",21,"Female",3.11,1205,14,2.69,"Mathematics",0,9,0,6,9,2,56300,2,2,"Entry",5,"No","Medio"
"S00043",26,"Female",2.36,1355,98,3.75,"Medicine",2,4,3,3,8,0,38400,10,4,"Senior",7,"No","Medio"
"S00044",20,"Male",2.94,1490,279,2.1,"Mathematics",1,2,4,5,9,4,53200,10,5,"Entry",8,"Yes","Medio"
"S00045",22,"Male",3.94,1200,940,3.02,"Mathematics",0,8,4,3,9,3,78700,7,5,"Entry",10,"Yes","Alto"
"S00055",19,"Male",2.39,1011,233,2.39,"Mathematics",4,9,5,4,10,4,67200,10,2,"Entry",3,"No","Alto"
"S00057",26,"Female",2.56,1417,597,2.84,"Medicine",0,2,1,4,5,0,50900,10,2,"Entry",2,"No","Medio"
"S00067",20,"Male",2.89,1168,463,2.14,"Mathematics",0,7,2,10,7,1,73700,1,4,"Mid",8,"Yes","Alto"
"S00068",18,"Male",3.58,918,783,3.49,"Mathematics",1,0,3,8,8,3,25000,2,1,"Mid",7,"No","Bajo"
"S00071",25,"Male",2.31,1363,236,2.24,"Medicine",4,3,4,9,2,4,25000,8,2,"Entry",7,"No","Bajo"
"S00073",19,"Male",2.79,1057,39,2.37,"Medicine",4,7,5,2,5,3,68900,1,5,"Senior",10,"No","Alto"
"S00075",23,"Female",3.16,1470,718,3.78,"Mathematics",4,1,5,4,1,5,25000,9,3,"Executive",3,"No","Bajo"
"S00077",21,"Female",2.34,1236,699,3.45,"Mathematics",4,9,1,6,9,4,74400,9,4,"Mid",9,"No","Alto"
"S00078",23,"Male",2.45,1570,645,2.17,"Mathematics",0,8,0,2,7,4,71500,5,1,"Entry",6,"No","Alto"
"S00081",29,"Male",3.03,1546,767,3.96,"Medicine",3,4,3,2,3,2,51200,3,3,"Entry",5,"No","Medio"
"S00082",19,"Male",2.34,1467,143,3.69,"Mathematics",1,6,4,9,3,2,37900,2,3,"Entry",8,"No","Medio"
"S00091",19,"Male",3.21,1232,988,2.98,"Medicine",2,4,0,2,5,4,62300,2,1,"Senior",2,"No","Alto"
"S00094",27,"Male",3.43,1405,32,2.17,"Mathematics",0,7,0,2,2,5,79900,8,5,"Entry",5,"No","Alto"
"S00096",29,"Other",3.41,1328,339,3.67,"Mathematics",0,4,5,10,7,5,50900,2,1,"Entry",5,"No","Medio"
"S00103",26,"Other",3.17,1163,898,2.14,"Medicine",3,3,2,5,3,3,74000,1,4,"Entry",9,"No","Alto"
"S00104",25,"Male",3.08,1085,88,2.64,"Mathematics",4,4,4,1,9,0,70200,6,3,"Entry",10,"No","Alto"
"S00113",20,"Male",2.7,917,270,3.4,"Mathematics",4,3,2,7,1,2,58300,3,3,"Entry",6,"No","Medio"
"S00116",28,"Female",2.1,916,78,3.79,"Medicine",2,3,0,4,4,4,89100,9,5,"Senior",3,"Yes","Alto"
"S00117",22,"Male",3.55,1342,592,2.76,"Medicine",2,8,0,2,1,4,49500,8,2,"Entry",7,"No","Medio"
"S00119",24,"Male",3.52,1207,468,3.2,"Mathematics",1,3,5,2,6,2,67600,9,5,"Entry",9,"No","Alto"
"S00122",29,"Female",2.51,1325,186,2.04,"Medicine",0,7,1,7,2,2,54100,2,3,"Senior",5,"No","Medio"
"S00125",25,"Female",2.26,1349,592,2.35,"Mathematics",4,8,0,10,5,5,76000,8,5,"Entry",8,"No","Alto"
"S00126",29,"Female",2.62,1250,718,3.21,"Mathematics",1,0,5,9,3,4,41100,8,5,"Entry",1,"No","Medio"
"S00130",24,"Female",2.26,1392,410,3.55,"Mathematics",0,8,1,8,6,4,37600,5,1,"Entry",4,"No","Medio"
"S00131",25,"Female",2.4,1487,358,3.05,"Medicine",1,9,2,8,9,4,85500,9,5,"Entry",7,"No","Alto"
"S00136",23,"Male",2.49,1194,557,2.37,"Medicine",4,0,5,6,2,1,52000,8,1,"Mid",1,"No","Medio"
"S00140",20,"Female",2.83,914,948,2.83,"Medicine",1,5,4,3,8,2,36100,3,3,"Senior",7,"No","Medio"
"S00142",20,"Female",2.41,1287,487,3.82,"Mathematics",1,5,5,5,8,2,56900,7,3,"Senior",8,"No","Medio"
"S00145",27,"Other",2.36,1404,156,3.18,"Medicine",4,0,0,3,1,0,61500,7,5,"Mid",3,"Yes","Alto"
"S00151",27,"Male",3.35,1078,663,3.79,"Medicine",0,5,5,6,2,0,25000,2,3,"Entry",2,"No","Bajo"
"S00154",24,"Male",2.88,1181,754,3.38,"Mathematics",4,4,0,6,9,4,36300,3,4,"Entry",7,"No","Medio"
"S00155",18,"Female",3.89,1063,143,3.9,"Mathematics",2,8,4,2,5,3,39000,7,3,"Senior",6,"Yes","Medio"
"S00157",21,"Female",3.29,996,299,3.67,"Medicine",2,3,5,5,6,2,52200,2,2,"Mid",4,"Yes","Medio"
"S00161",28,"Male",3.92,1148,673,2.96,"Mathematics",1,5,4,10,10,0,66900,5,1,"Mid",4,"No","Alto"
"S00163",24,"Female",2.54,1150,567,2.49,"Medicine",4,9,2,1,5,3,39300,3,4,"Entry",3,"Yes","Medio"
"S00164",28,"Female",3.61,1022,423,3.07,"Medicine",2,8,3,4,1,3,32800,1,5,"Entry",1,"No","Medio"
"S00166",23,"Female",2.51,1580,884,2.9,"Mathematics",4,0,4,2,6,5,46400,4,5,"Mid",9,"No","Medio"
"S00168",19,"Female",3.04,1586,31,3.74,"Medicine",1,2,3,4,7,2,37100,10,1,"Entry",2,"No","Medio"
"S00170",26,"Male",2.03,958,949,3.95,"Mathematics",2,6,5,6,4,0,26500,3,2,"Entry",8,"Yes","Bajo"
"S00171",22,"Male",2.44,1397,802,2.15,"Mathematics",4,7,5,5,9,2,79900,4,4,"Entry",2,"No","Alto"
"S00174",29,"Female",2.34,1552,308,3.2,"Mathematics",2,6,5,7,2,2,44900,5,4,"Entry",10,"No","Medio"
"S00176",29,"Female",3.41,1117,185,2.95,"Mathematics",1,4,5,3,7,2,68800,5,5,"Entry",4,"No","Alto"
"S00179",27,"Female",3.31,1549,441,3.7,"Mathematics",1,3,3,9,2,2,31400,9,4,"Mid",1,"No","Medio"
"S00181",29,"Male",2.01,1500,391,3.35,"Mathematics",0,2,2,6,9,5,59500,3,1,"Mid",4,"No","Medio"
"S00193",23,"Female",2.94,1544,119,3.85,"Mathematics",0,1,1,3,2,5,27800,2,2,"Entry",10,"No","Bajo"
"S00195",28,"Female",2.37,1404,923,3.01,"Medicine",3,7,3,4,2,2,72200,7,3,"Entry",4,"No","Alto"
"S00198",18,"Female",3.11,1547,785,3.67,"Medicine",4,9,2,4,5,1,75000,10,5,"Mid",2,"Yes","Alto"
"S00200",27,"Female",2.63,1557,738,2.13,"Mathematics",2,2,5,1,3,4,44800,3,3,"Mid",2,"No","Medio"
"S00208",18,"Male",3.19,1390,181,2.51,"Medicine",2,1,0,7,3,5,52000,8,5,"Senior",4,"No","Medio"
"S00212",29,"Male",3.3,1002,47,2.67,"Medicine",2,9,1,4,7,1,57300,8,3,"Mid",8,"No","Medio"
"S00215",20,"Female",2.64,1550,634,2.85,"Medicine",1,6,3,1,4,5,48100,2,1,"Entry",10,"No","Medio"
"S00220",18,"Male",3.69,1446,540,2.66,"Mathematics",2,5,2,2,7,2,72900,8,5,"Entry",3,"No","Alto"
"S00221",28,"Male",2.9,1138,427,2.24,"Medicine",2,9,4,8,6,2,58600,10,2,"Entry",9,"No","Medio"
"S00224",19,"Male",2.85,1522,561,2.8,"Mathematics",0,2,4,6,10,1,35300,4,5,"Mid",4,"No","Medio"
"S00225",29,"Male",3.07,1307,854,2.21,"Medicine",3,8,2,1,7,1,67200,3,3,"Mid",6,"No","Alto"
"S00233",22,"Male",3.11,1073,634,2.87,"Medicine",4,3,5,7,2,5,25000,5,4,"Entry",6,"No","Bajo"
"S00236",23,"Male",2.65,1407,583,2.25,"Medicine",1,5,1,4,10,0,36000,1,5,"Entry",5,"Yes","Medio"
"S00245",25,"Female",2.8,1417,621,3,"Medicine",3,9,2,1,9,2,43300,7,1,"Entry",6,"Yes","Medio"
"S00251",28,"Female",3.83,1489,248,2.75,"Mathematics",4,0,4,1,6,1,45300,3,4,"Senior",5,"Yes","Medio"
"S00257",20,"Male",2.13,962,30,3.42,"Medicine",0,4,5,7,6,3,58300,8,2,"Senior",1,"No","Medio"
"S00263",27,"Male",3.31,1196,985,3.16,"Mathematics",3,4,2,1,6,1,32900,5,4,"Entry",7,"No","Medio"
"S00264",20,"Male",3.76,1144,482,3.97,"Medicine",2,0,0,7,4,1,38100,7,2,"Senior",4,"No","Medio"
"S00270",18,"Female",2.55,1545,168,3.43,"Mathematics",0,3,0,4,6,3,49700,2,1,"Entry",9,"No","Medio"
"S00271",25,"Male",2.79,1493,743,3.95,"Mathematics",0,8,4,8,7,0,53200,1,1,"Senior",2,"No","Medio"
"S00275",18,"Female",3.72,1093,428,2.74,"Medicine",3,9,0,4,1,0,77500,10,4,"Senior",9,"No","Alto"
"S00283",20,"Male",3.77,1182,223,3.98,"Medicine",1,8,3,6,7,4,25000,9,4,"Mid",3,"Yes","Bajo"
"S00284",24,"Female",2.44,959,492,3.42,"Medicine",0,5,5,3,4,0,69700,8,5,"Entry",2,"No","Alto"
"S00285",29,"Male",2.93,1017,11,3.04,"Medicine",1,9,1,7,8,4,67800,2,4,"Senior",2,"No","Alto"
"S00290",18,"Male",3.34,990,310,2.19,"Mathematics",4,5,2,9,4,1,40500,9,2,"Mid",1,"No","Medio"
"S00293",29,"Female",2.81,997,340,2.04,"Medicine",0,5,0,5,10,2,25000,10,2,"Entry",2,"Yes","Bajo"
"S00296",28,"Female",3.09,1437,574,2.85,"Medicine",0,4,1,9,2,0,52300,4,3,"Mid",1,"Yes","Medio"
"S00297",24,"Male",3.06,927,825,2.14,"Mathematics",0,5,1,5,6,4,74900,8,5,"Entry",8,"No","Alto"
"S00308",25,"Male",2.5,1322,444,3.72,"Medicine",4,9,5,10,10,2,52400,6,2,"Entry",7,"No","Medio"
"S00312",25,"Male",3.82,1279,969,2.97,"Mathematics",1,7,4,6,1,5,37300,7,2,"Mid",7,"No","Medio"
"S00316",21,"Male",3.9,1552,973,3.25,"Mathematics",0,6,4,9,5,3,51600,6,3,"Senior",5,"No","Medio"
"S00317",20,"Female",3.92,1436,304,2.04,"Medicine",0,5,1,10,1,2,61100,9,2,"Mid",1,"Yes","Alto"
"S00318",26,"Female",2.2,988,958,3.22,"Medicine",2,9,0,8,5,0,34100,7,4,"Mid",7,"Yes","Medio"
"S00320",26,"Male",2.32,1410,861,2.39,"Medicine",3,5,1,6,5,3,32200,9,1,"Entry",8,"No","Medio"
"S00322",19,"Male",2.36,1288,953,3.79,"Medicine",0,3,5,1,9,3,42700,4,4,"Senior",7,"No","Medio"
"S00325",20,"Male",2.04,1006,881,2.63,"Mathematics",2,2,4,9,10,1,65600,10,2,"Senior",10,"Yes","Alto"
"S00326",26,"Male",3.21,1010,540,3.55,"Mathematics",3,3,4,5,10,4,67400,3,5,"Entry",8,"No","Alto"
"S00327",21,"Male",2.55,1176,485,3.86,"Medicine",2,2,3,5,2,5,68100,1,4,"Senior",5,"No","Alto"
"S00328",18,"Female",3.72,1113,77,2.72,"Mathematics",2,2,2,3,6,1,35100,5,2,"Entry",8,"Yes","Medio"
"S00329",21,"Female",2.57,1405,633,3.61,"Medicine",2,9,2,8,5,5,32200,4,1,"Senior",1,"No","Medio"
"S00331",22,"Female",3.35,1033,549,2.79,"Mathematics",1,3,2,8,2,1,64600,4,2,"Entry",8,"No","Alto"
"S00333",25,"Male",2.07,1156,659,3.02,"Mathematics",2,3,2,8,10,4,50000,6,1,"Entry",8,"No","Medio"
"S00336",20,"Female",3.62,947,785,2.52,"Mathematics",3,3,2,1,6,0,42800,4,2,"Entry",1,"No","Medio"
"S00338",18,"Male",2.91,918,466,3.86,"Mathematics",2,7,3,5,6,2,31000,3,5,"Entry",10,"No","Medio"
"S00339",29,"Male",3.21,945,889,3.36,"Medicine",4,8,4,10,4,2,48100,4,3,"Executive",3,"No","Medio"
"S00341",20,"Male",3.65,955,40,2.54,"Medicine",3,5,2,10,4,4,35000,8,4,"Senior",10,"No","Medio"
"S00343",24,"Male",2.55,991,329,3.94,"Mathematics",4,3,4,10,1,2,72400,8,1,"Entry",8,"Yes","Alto"
"S00350",28,"Other",2.43,1215,657,3.98,"Mathematics",2,8,2,2,9,0,81200,2,4,"Senior",6,"No","Alto"
"S00352",19,"Male",2.83,1055,109,3.55,"Medicine",1,7,1,8,10,5,53100,7,1,"Entry",2,"No","Medio"
"S00358",29,"Female",2.41,1530,572,2.02,"Medicine",3,1,2,10,3,5,36500,6,3,"Mid",3,"No","Medio"
"S00359",20,"Female",2.31,1365,862,2.61,"Medicine",0,6,5,3,8,5,44100,4,5,"Executive",1,"Yes","Medio"
"S00360",21,"Female",3.76,1083,739,2.78,"Medicine",4,1,1,2,5,0,53200,3,4,"Senior",2,"Yes","Medio"
"S00362",18,"Female",2.82,1065,435,2.13,"Mathematics",2,9,1,8,10,5,71200,9,2,"Mid",7,"Yes","Alto"
"S00369",29,"Male",2.5,1555,170,3.43,"Mathematics",3,0,4,7,9,4,41600,1,1,"Entry",2,"No","Medio"
"S00371",22,"Male",3.89,1599,792,3.87,"Medicine",2,7,5,2,3,1,34000,4,4,"Entry",7,"No","Medio"
"S00375",20,"Female",2.12,1257,683,3.45,"Mathematics",2,5,4,7,2,5,50600,8,4,"Entry",4,"No","Medio"
"S00377",18,"Male",2.29,1307,147,3.09,"Mathematics",1,3,3,3,3,2,49000,7,5,"Entry",8,"No","Medio"
"S00379",22,"Female",3.07,1521,317,3.24,"Mathematics",3,5,3,3,8,0,55800,4,5,"Senior",5,"No","Medio"
"S00386",23,"Female",3.17,1580,547,2.28,"Medicine",2,0,1,2,9,4,63200,4,3,"Executive",4,"No","Alto"
"S00387",27,"Female",2.63,1374,835,2.73,"Mathematics",1,0,5,3,7,3,35100,3,5,"Entry",1,"Yes","Medio"
"S00391",19,"Female",2.86,1092,669,3.53,"Mathematics",4,2,0,5,2,4,43300,6,4,"Mid",6,"No","Medio"
"S00394",19,"Male",2.02,905,129,3.21,"Medicine",2,5,0,8,2,3,43900,6,3,"Senior",4,"No","Medio"
"S00399",18,"Female",2.94,1462,883,3.7,"Mathematics",1,8,4,7,6,0,61800,7,1,"Entry",6,"No","Alto"
"S00400",25,"Male",3.15,1193,252,2.31,"Medicine",3,3,5,4,1,4,57800,6,3,"Senior",7,"No","Medio"
"S00402",26,"Female",3.66,1291,843,3.38,"Medicine",0,4,5,5,1,5,32800,3,3,"Mid",5,"No","Medio"
"S00407",24,"Female",3.49,1042,80,3.26,"Mathematics",0,0,5,7,9,3,48300,3,3,"Mid",5,"Yes","Medio"
"S00408",27,"Male",3.01,1136,191,3.83,"Mathematics",1,4,5,5,1,4,47600,7,3,"Entry",5,"No","Medio"
"S00409",20,"Male",2.14,1186,453,2.63,"Mathematics",3,9,4,9,4,0,25000,5,3,"Entry",4,"No","Bajo"
"S00411",26,"Male",3.61,1286,30,2.21,"Mathematics",2,5,0,5,4,1,32100,4,2,"Senior",4,"No","Medio"
"S00412",25,"Female",2.58,1281,414,2.26,"Medicine",2,2,2,6,8,2,44000,6,1,"Mid",7,"Yes","Medio"
"S00414",27,"Female",2.85,1190,368,2.18,"Medicine",4,2,0,9,6,1,59800,7,4,"Entry",8,"No","Medio"
"S00416",26,"Male",3.69,1342,993,2.64,"Medicine",4,6,2,4,10,3,79200,7,5,"Executive",10,"No","Alto"
"S00418",21,"Male",3.38,1083,502,3.74,"Medicine",4,9,5,5,8,4,38000,2,3,"Entry",2,"No","Medio"
"S00422",20,"Female",3.51,1152,21,3.42,"Mathematics",2,2,4,5,2,2,41500,7,5,"Mid",3,"No","Medio"
"S00428",23,"Male",2.43,1215,806,3.74,"Medicine",2,6,1,6,7,5,43900,5,3,"Entry",3,"No","Medio"
"S00431",27,"Male",2.35,1322,838,2.71,"Mathematics",2,2,5,8,2,5,38100,5,3,"Entry",2,"No","Medio"
"S00432",23,"Other",3.49,1132,800,3.16,"Mathematics",2,2,5,5,1,1,58500,2,4,"Entry",7,"Yes","Medio"
"S00434",27,"Female",2.91,1511,988,2.13,"Mathematics",2,5,4,7,3,1,58400,3,1,"Executive",4,"No","Medio"
"S00435",23,"Male",2.77,1113,976,3.19,"Medicine",4,1,5,9,6,3,54300,5,5,"Entry",6,"No","Medio"
"S00443",22,"Female",2.86,1593,798,3.48,"Medicine",3,0,1,6,7,3,60100,3,5,"Mid",10,"No","Alto"
"S00446",22,"Male",3.01,1095,287,3.43,"Mathematics",1,3,1,1,10,0,47700,7,2,"Mid",3,"No","Medio"
"S00449",29,"Male",2.25,1427,898,2.34,"Medicine",4,0,2,7,5,3,49500,5,1,"Mid",5,"Yes","Medio"
"S00451",24,"Female",3.22,1504,679,3.15,"Medicine",4,4,1,10,1,3,46000,7,5,"Entry",10,"No","Medio"
"S00452",21,"Female",2.39,1032,603,3.96,"Mathematics",4,1,0,2,6,4,73900,4,4,"Mid",4,"No","Alto"
"S00455",20,"Male",3.92,1392,950,3.07,"Medicine",0,6,1,5,7,2,45300,10,4,"Mid",4,"No","Medio"
"S00461",27,"Male",2.04,1345,199,3.91,"Mathematics",0,5,4,7,6,5,48500,2,2,"Senior",4,"No","Medio"
"S00467",27,"Female",3.58,1371,147,3.75,"Mathematics",4,3,0,10,5,2,28300,2,2,"Mid",2,"No","Bajo"
"S00474",26,"Female",2.82,1484,895,2.33,"Mathematics",3,0,0,7,7,2,72100,9,4,"Mid",9,"No","Alto"
"S00477",18,"Female",3.95,1178,352,2.55,"Mathematics",2,8,4,8,5,2,44800,5,3,"Entry",3,"No","Medio"
"S00483",26,"Male",2.62,1008,155,3.74,"Medicine",4,2,0,5,7,2,67300,3,4,"Mid",3,"No","Alto"
"S00486",18,"Male",2.94,1133,939,2.04,"Medicine",0,5,2,6,6,3,25000,10,1,"Entry",2,"No","Bajo"
"S00488",22,"Male",3.46,1086,455,2.18,"Mathematics",1,4,0,3,5,4,55900,6,3,"Entry",3,"No","Medio"
"S00491",20,"Male",3.79,1408,333,2.94,"Medicine",2,4,0,4,9,1,54600,2,3,"Entry",1,"No","Medio"
"S00492",29,"Male",2.12,1419,944,3.7,"Medicine",2,8,1,7,6,5,49200,10,5,"Entry",9,"No","Medio"
"S00494",20,"Female",3.43,1297,258,2.68,"Medicine",3,4,1,10,9,0,46500,10,2,"Entry",2,"No","Medio"
"S00497",26,"Female",2.27,1548,445,3.58,"Mathematics",1,8,0,2,4,5,46400,5,1,"Entry",8,"Yes","Medio"
"S00501",21,"Male",3.53,1457,486,3.52,"Mathematics",1,5,4,2,2,3,40300,10,3,"Mid",8,"No","Medio"
"S00507",24,"Male",2.83,1565,791,2.61,"Mathematics",1,1,2,7,5,1,52400,6,4,"Mid",7,"No","Medio"
"S00508",21,"Male",3.54,1029,310,2.89,"Mathematics",1,8,0,8,1,1,54500,5,1,"Mid",1,"Yes","Medio"
"S00513",27,"Male",3.69,1168,971,3.33,"Mathematics",2,0,3,10,10,2,52000,5,3,"Entry",9,"Yes","Medio"
"S00521",20,"Male",2.17,1010,472,2.07,"Medicine",3,7,3,2,1,1,51400,3,3,"Mid",10,"No","Medio"
"S00525",22,"Male",3.76,1468,804,3.8,"Medicine",1,6,4,8,3,4,30300,1,4,"Entry",5,"Yes","Medio"
"S00529",19,"Female",2.78,1458,63,2.48,"Mathematics",0,4,2,1,4,1,57700,5,2,"Entry",8,"No","Medio"
"S00533",21,"Female",3.44,1381,590,3.35,"Medicine",3,6,2,9,7,0,79600,9,4,"Entry",4,"No","Alto"
"S00535",29,"Male",3.89,1570,948,2.77,"Medicine",4,0,4,10,2,4,70800,10,4,"Senior",1,"No","Alto"
"S00536",19,"Male",2.08,1281,258,2.3,"Medicine",4,8,2,7,10,1,37800,7,1,"Mid",9,"No","Medio"
"S00539",18,"Female",3.84,1192,114,2.21,"Medicine",3,1,5,5,2,5,38000,3,5,"Mid",8,"No","Medio"
"S00542",28,"Male",3.71,1375,380,3.45,"Mathematics",4,8,4,8,2,5,39200,7,2,"Entry",1,"No","Medio"
"S00543",22,"Male",2.48,1124,658,2.77,"Mathematics",0,8,4,2,2,1,25000,8,2,"Senior",2,"Yes","Bajo"
"S00546",18,"Female",3.46,1562,476,3.16,"Mathematics",0,1,4,7,7,2,60500,10,5,"Mid",9,"No","Alto"
"S00555",19,"Female",2.96,1171,257,3.72,"Medicine",0,7,2,10,5,5,25000,5,2,"Mid",6,"No","Bajo"
"S00557",24,"Male",2.43,1202,992,2.39,"Mathematics",2,4,1,10,9,5,45400,8,2,"Senior",7,"Yes","Medio"
"S00567",24,"Male",2.84,1045,503,2.29,"Mathematics",0,5,1,6,6,5,53200,6,5,"Senior",5,"Yes","Medio"
"S00569",27,"Female",3.3,1469,178,3.34,"Mathematics",1,5,1,6,10,0,44300,1,1,"Senior",9,"No","Medio"
"S00571",19,"Male",3.83,1144,543,3.15,"Mathematics",1,3,0,7,7,3,50700,7,1,"Senior",2,"Yes","Medio"
"S00575",26,"Male",3.85,999,963,2.85,"Medicine",2,8,5,4,7,4,64300,4,1,"Entry",3,"No","Alto"
"S00579",27,"Female",2.75,1537,44,3.19,"Medicine",2,5,5,7,9,0,51000,5,1,"Mid",1,"No","Medio"
"S00593",29,"Female",3.96,1362,591,3.59,"Medicine",0,9,2,6,3,2,33900,9,2,"Entry",3,"No","Medio"
"S00594",18,"Male",2.99,1569,194,2.17,"Medicine",4,7,0,5,10,2,68400,4,1,"Senior",9,"No","Alto"
"S00597",26,"Male",2.64,1326,96,2.13,"Mathematics",4,4,5,7,3,4,43300,7,2,"Entry",3,"Yes","Medio"
"S00598",20,"Female",3.16,1216,40,3.01,"Medicine",4,4,2,6,7,2,44000,6,3,"Mid",8,"No","Medio"
"S00599",26,"Female",2.15,1378,768,3,"Medicine",0,1,3,9,6,0,40900,8,1,"Entry",10,"No","Medio"
"S00600",18,"Female",3.89,1320,397,3.41,"Mathematics",4,3,0,10,4,2,51100,3,1,"Mid",8,"No","Medio"
"S00602",21,"Male",3.83,1380,17,3.46,"Mathematics",2,1,5,1,8,3,48800,10,5,"Entry",1,"No","Medio"
"S00615",29,"Other",2.17,1156,842,2.26,"Medicine",2,0,1,8,3,1,54100,3,2,"Mid",4,"No","Medio"
"S00616",21,"Male",2.97,942,593,3.76,"Mathematics",2,8,3,4,5,4,57100,9,4,"Executive",2,"Yes","Medio"
"S00617",20,"Female",3.03,1141,350,3.66,"Mathematics",0,6,2,9,10,2,52900,5,1,"Entry",6,"No","Medio"
"S00623",26,"Female",3.23,1405,778,3.4,"Medicine",4,4,1,4,6,0,42600,4,3,"Mid",2,"Yes","Medio"
"S00626",22,"Male",3.19,1572,94,2.66,"Medicine",2,0,0,10,7,5,25000,10,3,"Mid",8,"Yes","Bajo"
"S00627",21,"Female",3.19,986,723,2.92,"Mathematics",2,2,5,3,9,2,40500,5,5,"Mid",10,"No","Medio"
"S00628",22,"Female",2.33,1388,295,2.16,"Mathematics",0,3,5,5,10,1,42500,10,5,"Senior",2,"Yes","Medio"
"S00630",26,"Male",3.96,1556,899,3.39,"Medicine",4,7,3,1,1,5,45600,5,5,"Entry",2,"Yes","Medio"
"S00631",24,"Female",2.79,1244,89,3.91,"Medicine",2,7,5,9,7,3,56700,6,2,"Entry",1,"No","Medio"
"S00635",24,"Male",3.22,1313,214,2.37,"Medicine",2,5,5,10,2,1,54000,5,2,"Entry",3,"No","Medio"
"S00637",22,"Male",2.18,1424,526,2.14,"Mathematics",1,5,4,9,7,2,38400,6,1,"Entry",7,"No","Medio"
"S00640",28,"Male",2.63,1158,694,2.62,"Mathematics",1,1,4,8,5,1,40000,4,5,"Entry",7,"No","Medio"
"S00644",26,"Male",3.86,916,693,2.13,"Medicine",0,6,3,1,9,2,25000,8,3,"Mid",7,"No","Bajo"
"S00646",27,"Male",3.73,1443,681,2.5,"Medicine",4,0,5,9,10,0,57900,8,5,"Entry",7,"No","Medio"
"S00649",23,"Male",2.49,1172,608,2.64,"Mathematics",3,0,5,10,6,4,60300,9,4,"Mid",3,"No","Alto"
"S00658",22,"Male",3.7,1331,843,2.99,"Medicine",4,0,0,5,4,3,55100,1,2,"Senior",10,"Yes","Medio"
"S00664",23,"Female",2.02,1140,999,2.52,"Mathematics",4,6,3,3,2,0,58500,9,3,"Entry",1,"No","Medio"
"S00665",21,"Male",3.11,1122,103,2.38,"Mathematics",1,7,4,3,2,3,54700,1,1,"Entry",2,"No","Medio"
"S00670",21,"Male",2.13,1274,912,3.23,"Mathematics",1,8,4,10,9,1,53200,10,5,"Senior",4,"No","Medio"
"S00672",29,"Female",3.19,1426,104,3.35,"Mathematics",4,2,5,9,10,0,40000,9,1,"Mid",9,"No","Medio"
"S00673",20,"Male",2.55,1311,259,3.57,"Medicine",1,6,2,8,10,3,45300,8,3,"Entry",7,"No","Medio"
"S00678",27,"Female",3.44,1553,642,2.91,"Mathematics",4,8,0,8,8,2,57100,9,2,"Mid",9,"No","Medio"
"S00682",20,"Female",3.3,1267,27,2.09,"Medicine",4,3,4,4,8,3,48400,8,2,"Executive",7,"Yes","Medio"
"S00687",29,"Male",2.75,1292,953,2.05,"Medicine",4,2,4,9,5,1,56400,6,3,"Mid",3,"No","Medio"
"S00695",29,"Female",2.59,1587,30,2.47,"Medicine",1,6,5,8,9,3,55800,10,3,"Senior",5,"No","Medio"
"S00697",26,"Male",2.33,965,340,2.45,"Medicine",3,0,4,2,7,5,44600,1,1,"Mid",2,"No","Medio"
"S00700",23,"Male",3.86,1299,566,2.1,"Medicine",1,3,0,5,10,5,59600,2,3,"Entry",4,"No","Medio"
"S00702",23,"Female",3.05,1085,795,3.28,"Medicine",1,1,3,5,1,1,43100,2,1,"Senior",9,"No","Medio"
"S00703",27,"Female",3.45,1183,852,3.33,"Medicine",2,3,5,1,9,2,59200,10,3,"Mid",10,"No","Medio"
"S00704",29,"Male",2.87,1415,443,2.74,"Medicine",1,7,0,6,6,5,48400,6,3,"Entry",1,"No","Medio"
"S00707",22,"Male",2.6,1136,872,2.21,"Medicine",3,2,5,3,4,3,62700,5,2,"Entry",2,"No","Alto"
"S00709",29,"Female",3,1313,840,3.91,"Mathematics",3,2,4,7,6,2,40100,1,4,"Mid",7,"No","Medio"
"S00716",19,"Male",2.15,1475,528,3.57,"Medicine",4,6,3,7,2,5,60000,1,1,"Entry",2,"Yes","Alto"
"S00717",26,"Female",2.21,1349,308,3.34,"Mathematics",1,1,5,8,6,2,27000,5,1,"Mid",6,"Yes","Bajo"
"S00718",18,"Female",3.63,1279,965,3.2,"Mathematics",3,5,0,1,9,1,58500,3,4,"Mid",7,"No","Medio"
"S00719",18,"Male",2.08,1598,948,2.38,"Medicine",1,9,3,5,3,4,36800,2,4,"Entry",8,"Yes","Medio"
"S00725",26,"Female",3.04,1153,810,2.73,"Mathematics",1,6,0,6,2,3,53100,5,2,"Entry",4,"No","Medio"
"S00728",27,"Male",2.23,1343,205,3.57,"Medicine",2,3,3,3,1,5,40900,9,4,"Mid",7,"No","Medio"
"S00732",25,"Male",3.42,948,721,3.24,"Mathematics",2,8,0,10,5,0,66700,2,1,"Entry",8,"No","Alto"
"S00733",29,"Male",2.73,1348,636,3.63,"Mathematics",3,9,1,4,3,3,43200,7,3,"Entry",4,"No","Medio"
"S00735",25,"Male",2.91,1182,858,2.85,"Medicine",2,5,4,5,5,2,69500,5,2,"Mid",5,"No","Alto"
"S00737",29,"Other",2.21,1315,476,2.14,"Medicine",3,3,4,9,5,4,71900,10,3,"Entry",2,"No","Alto"
"S00738",21,"Female",3.69,1499,298,3.07,"Medicine",4,7,2,6,3,1,25000,4,1,"Entry",5,"No","Bajo"
"S00739",27,"Female",3.47,1020,557,3.98,"Mathematics",0,5,5,8,2,0,41300,5,4,"Entry",7,"No","Medio"
"S00744",29,"Female",2.51,978,128,2.56,"Mathematics",4,9,4,1,4,3,48300,5,4,"Entry",3,"No","Medio"
"S00747",26,"Male",2.79,970,38,3.75,"Mathematics",0,0,1,6,7,3,62600,7,4,"Entry",8,"No","Alto"
"S00749",28,"Female",3.91,957,198,2.59,"Medicine",3,6,1,10,9,3,45500,2,5,"Executive",10,"No","Medio"
"S00750",23,"Male",3.03,1323,704,2.57,"Mathematics",3,9,3,3,7,5,67700,2,5,"Mid",1,"No","Alto"
"S00755",21,"Female",3.15,1084,519,2.49,"Mathematics",0,3,0,4,2,3,65000,4,1,"Entry",3,"No","Alto"
"S00759",19,"Female",2.44,1020,62,2.77,"Medicine",1,2,1,5,9,1,64300,2,4,"Senior",10,"No","Alto"
"S00761",22,"Male",3.84,1406,601,2.76,"Medicine",1,6,1,7,4,4,33700,8,5,"Entry",7,"Yes","Medio"
"S00764",27,"Male",2.79,1445,647,2.88,"Mathematics",0,7,5,3,9,1,50500,2,4,"Entry",6,"No","Medio"
"S00765",25,"Female",3.01,1326,371,3.23,"Mathematics",0,5,0,3,3,4,38000,1,3,"Entry",4,"No","Medio"
"S00766",19,"Male",2.93,1120,822,2.14,"Medicine",2,5,4,7,8,0,60800,7,2,"Entry",4,"No","Alto"
"S00771",18,"Male",3.77,1259,571,3.73,"Medicine",2,6,5,4,2,3,52100,6,1,"Entry",1,"No","Medio"
"S00773",18,"Female",2.85,1405,235,3.85,"Mathematics",0,3,2,6,5,5,63300,4,1,"Executive",4,"No","Alto"
"S00774",19,"Female",3.03,957,69,2.13,"Mathematics",3,7,5,7,2,4,32700,9,1,"Mid",2,"No","Medio"
"S00777",22,"Male",3.57,1598,8,2.71,"Mathematics",4,9,0,9,5,2,32300,1,4,"Executive",4,"No","Medio"
"S00778",27,"Male",3.53,985,462,2.93,"Medicine",3,3,5,3,1,3,25000,7,5,"Entry",6,"No","Bajo"
"S00782",28,"Male",2.94,1540,385,3.19,"Mathematics",3,4,1,8,2,0,28000,9,3,"Senior",4,"Yes","Bajo"
"S00786",26,"Male",2.28,1208,971,2.53,"Mathematics",1,2,4,4,3,5,31700,6,5,"Entry",9,"No","Medio"
"S00791",23,"Female",2.87,1113,500,3.81,"Mathematics",0,7,1,10,6,1,63400,9,4,"Entry",3,"No","Alto"
"S00797",20,"Male",2.58,904,620,2.51,"Mathematics",0,8,2,3,10,2,54000,4,3,"Mid",2,"No","Medio"
"S00798",22,"Male",2.17,1261,863,2.84,"Medicine",1,9,4,6,5,1,52000,1,3,"Entry",10,"Yes","Medio"
"S00799",24,"Male",3.87,1593,6,3.67,"Medicine",3,2,3,5,7,5,26800,6,4,"Senior",10,"No","Bajo"
"S00802",22,"Male",3.58,1321,997,3.04,"Mathematics",2,5,3,10,4,2,61600,7,3,"Entry",1,"No","Alto"
"S00803",27,"Female",2.65,1164,385,3.82,"Mathematics",4,6,5,10,2,5,39200,10,2,"Entry",6,"No","Medio"
"S00808",26,"Male",3.62,1120,302,3.71,"Mathematics",4,2,1,7,3,0,37000,2,5,"Senior",4,"Yes","Medio"
"S00812",18,"Female",3.06,1319,678,3.31,"Medicine",2,6,2,7,2,5,60200,9,3,"Entry",6,"No","Alto"
"S00817",25,"Female",3.21,1011,780,2.43,"Mathematics",4,9,0,4,6,0,29200,9,2,"Entry",5,"Yes","Bajo"
"S00821",19,"Male",3.78,1461,812,2.5,"Medicine",0,6,5,9,2,4,28400,2,3,"Entry",1,"Yes","Bajo"
"S00823",23,"Female",3.31,1312,265,3.9,"Medicine",1,2,2,4,10,4,72000,2,2,"Mid",8,"No","Alto"
"S00829",23,"Male",3.42,1155,302,3.97,"Medicine",4,8,3,9,7,2,57200,3,1,"Entry",7,"No","Medio"
"S00830",29,"Male",3.9,1302,359,3.22,"Mathematics",4,5,0,7,7,5,30500,5,1,"Mid",3,"Yes","Medio"
"S00834",18,"Female",2.54,1502,52,2.49,"Mathematics",3,2,1,3,1,1,43200,9,1,"Mid",5,"No","Medio"
"S00843",29,"Male",3.92,1112,816,2.72,"Mathematics",0,8,5,6,2,3,25000,7,1,"Entry",4,"No","Bajo"
"S00847",19,"Male",2.71,1561,261,2.07,"Medicine",4,2,5,6,4,3,45900,8,1,"Mid",4,"No","Medio"
"S00855",18,"Male",2.34,1336,81,3.14,"Mathematics",4,4,0,1,3,3,25000,6,2,"Mid",8,"No","Bajo"
"S00856",25,"Male",2.25,1442,923,2.77,"Medicine",4,5,1,8,8,5,82300,2,2,"Entry",9,"No","Alto"
"S00857",29,"Female",3.87,1192,515,2.23,"Medicine",1,8,1,9,6,4,61200,5,5,"Senior",3,"No","Alto"
"S00863",21,"Female",3.54,1171,228,3.2,"Mathematics",1,3,0,3,7,5,35800,10,1,"Entry",7,"No","Medio"
"S00869",29,"Male",2.54,1134,474,2.5,"Medicine",4,4,3,1,2,0,25000,3,2,"Mid",3,"Yes","Bajo"
"S00871",25,"Male",2.54,999,955,2.61,"Medicine",3,0,5,5,10,1,37300,5,2,"Entry",1,"No","Medio"
"S00872",22,"Other",3.71,1043,506,2.65,"Medicine",2,7,0,9,6,0,70600,10,2,"Mid",9,"No","Alto"
"S00874",23,"Female",2.15,1488,615,2.27,"Mathematics",4,8,4,2,1,4,41100,10,2,"Entry",8,"No","Medio"
"S00879",28,"Male",3.13,1412,769,2.75,"Mathematics",3,4,5,8,3,5,63800,1,2,"Entry",5,"No","Alto"
"S00885",23,"Male",3.4,1461,178,3.11,"Medicine",2,5,2,3,1,5,44000,2,2,"Mid",4,"No","Medio"
"S00886",25,"Female",3.44,1271,528,3.16,"Medicine",3,5,0,2,8,3,35500,8,3,"Entry",8,"No","Medio"
"S00887",21,"Male",3.46,979,924,3.71,"Medicine",4,9,2,4,8,1,65500,10,4,"Senior",9,"No","Alto"
"S00889",21,"Female",3.91,1186,375,3.64,"Medicine",1,8,2,4,9,2,55400,9,1,"Mid",8,"Yes","Medio"
"S00890",25,"Female",3.63,1566,598,3.13,"Mathematics",2,7,3,2,1,2,42100,4,1,"Entry",6,"No","Medio"
"S00891",26,"Female",3.81,1471,760,2.6,"Medicine",2,6,2,7,10,2,43300,1,1,"Entry",8,"No","Medio"
"S00898",20,"Male",3.92,1368,465,3.84,"Medicine",4,1,4,9,3,0,56900,1,3,"Entry",6,"Yes","Medio"
"S00904",23,"Other",2.95,1178,480,2.07,"Medicine",1,6,3,8,5,0,67000,6,4,"Mid",1,"No","Alto"
"S00906",23,"Male",2.15,932,979,2.24,"Medicine",1,6,4,8,10,4,53000,6,1,"Senior",4,"No","Medio"
"S00907",18,"Female",3,1175,460,2.83,"Medicine",3,6,4,3,3,4,56000,9,1,"Entry",6,"No","Medio"
"S00913",18,"Female",2.13,1357,708,3.42,"Medicine",2,1,5,9,9,3,50400,10,5,"Senior",6,"No","Medio"
"S00914",27,"Male",2.8,1298,316,2.84,"Medicine",3,6,0,6,2,2,43500,9,3,"Executive",4,"No","Medio"
"S00924",27,"Female",2.53,1270,88,3.25,"Medicine",0,0,3,6,7,5,50500,10,1,"Entry",4,"No","Medio"
"S00930",21,"Male",3.47,1489,471,2.81,"Medicine",1,2,5,7,5,0,54100,10,1,"Entry",2,"Yes","Medio"
"S00933",27,"Male",3.86,1115,354,3.1,"Mathematics",2,3,5,2,1,2,58900,1,5,"Entry",2,"No","Medio"
"S00936",25,"Male",2.73,982,600,3.03,"Mathematics",2,1,0,2,8,5,52300,3,5,"Mid",7,"No","Medio"
"S00937",19,"Male",2.04,1290,682,2.08,"Medicine",2,5,3,2,5,5,72700,9,4,"Executive",2,"No","Alto"
"S00939",28,"Female",2.99,1291,89,2.01,"Mathematics",2,2,0,10,7,0,25100,2,2,"Entry",2,"No","Bajo"
"S00941",20,"Female",2.67,1280,190,2.82,"Mathematics",4,9,4,7,5,4,56900,4,5,"Entry",3,"No","Medio"
"S00944",24,"Male",3.41,1503,348,3.22,"Mathematics",4,8,5,4,2,3,25000,9,4,"Entry",6,"No","Bajo"
"S00945",28,"Male",2.99,1298,844,3.22,"Mathematics",1,1,0,3,4,2,37600,3,4,"Mid",5,"Yes","Medio"
"S00947",19,"Male",2.98,1400,176,3.67,"Mathematics",3,0,4,3,10,2,59400,5,3,"Entry",8,"No","Medio"
"S00952",26,"Male",3.27,1244,554,2.56,"Medicine",1,4,0,3,3,2,68600,2,3,"Entry",2,"No","Alto"
"S00953",24,"Male",2.5,909,483,3.34,"Mathematics",4,2,5,6,9,2,56400,7,3,"Mid",4,"Yes","Medio"
"S00956",27,"Female",2.65,1529,169,2.18,"Mathematics",3,7,4,8,1,0,51300,8,5,"Entry",10,"No","Medio"
"S00961",23,"Male",2.91,1195,437,3.94,"Medicine",0,4,2,4,3,0,42800,5,2,"Mid",1,"No","Medio"
"S00967",26,"Female",2.59,1382,860,3.09,"Mathematics",3,3,4,8,4,4,51800,2,2,"Mid",3,"No","Medio"
"S00971",26,"Female",2.62,1540,864,2.26,"Mathematics",0,3,1,1,6,1,34400,6,2,"Mid",4,"Yes","Medio"
"S00973",21,"Male",3.33,1196,140,2.13,"Medicine",2,7,3,10,1,3,33000,2,3,"Senior",4,"No","Medio"
"S00976",25,"Female",2.67,1233,225,2.52,"Mathematics",2,4,5,6,8,0,49900,10,3,"Mid",5,"Yes","Medio"
"S00977",25,"Male",2.58,1422,558,3.78,"Mathematics",4,5,1,2,5,0,56900,8,3,"Entry",1,"No","Medio"
"S00981",27,"Male",2.84,1061,386,2.23,"Medicine",4,2,4,5,1,3,51400,1,5,"Entry",4,"No","Medio"
"S00988",28,"Female",3.64,1472,71,2.4,"Medicine",3,4,5,5,9,5,58300,1,5,"Entry",4,"No","Medio"
"S00993",26,"Female",3.08,1060,90,2.97,"Medicine",0,4,2,5,4,1,89300,1,1,"Senior",9,"No","Alto"
"S00994",18,"Female",3.13,1352,430,3.67,"Medicine",1,7,1,8,1,1,50100,1,1,"Entry",6,"No","Medio"
"S01006",24,"Male",2.28,1564,280,2.81,"Mathematics",4,7,5,2,1,5,36300,10,3,"Entry",8,"Yes","Medio"
"S01007",20,"Male",2.5,928,24,2.05,"Mathematics",0,2,0,1,1,3,52000,1,2,"Entry",10,"No","Medio"
"S01011",21,"Male",2.53,1278,786,2.98,"Mathematics",2,9,3,6,3,5,77800,4,2,"Entry",5,"No","Alto"
"S01012",25,"Female",2.7,972,652,2.13,"Mathematics",1,3,1,5,3,1,62900,5,1,"Entry",5,"Yes","Alto"
"S01013",23,"Male",3.42,1153,297,2.97,"Medicine",2,0,4,3,3,3,63600,4,3,"Entry",5,"No","Alto"
"S01015",21,"Other",3.11,1449,944,3.43,"Mathematics",2,9,3,2,3,5,51000,3,1,"Mid",9,"No","Medio"
"S01019",23,"Male",3.3,1320,720,2.5,"Mathematics",2,6,5,4,4,1,40500,3,5,"Senior",10,"No","Medio"
"S01020",23,"Female",3.45,1345,996,2.36,"Medicine",1,0,5,3,4,5,47000,2,3,"Entry",10,"No","Medio"
"S01029",27,"Male",2.68,1426,84,2.99,"Mathematics",4,9,1,7,7,3,82300,9,1,"Entry",6,"No","Alto"
"S01031",29,"Male",3.39,1244,991,3.54,"Medicine",2,3,0,7,6,4,70700,9,2,"Executive",10,"No","Alto"
"S01032",22,"Male",3.53,916,680,2.26,"Mathematics",1,7,2,4,7,1,33500,8,3,"Executive",9,"No","Medio"
"S01034",27,"Female",3.43,1546,375,3.64,"Medicine",3,7,1,3,2,4,60700,5,5,"Entry",9,"No","Alto"
"S01043",18,"Female",3.69,1086,686,2.41,"Mathematics",3,5,3,10,1,5,71300,3,4,"Executive",1,"No","Alto"
"S01047",28,"Female",3.5,1348,51,2.67,"Mathematics",1,7,0,10,1,0,80600,6,5,"Mid",10,"Yes","Alto"
"S01048",21,"Female",3.73,1593,377,2.04,"Mathematics",4,3,2,6,8,2,70000,2,5,"Entry",9,"No","Alto"
"S01050",20,"Female",3.71,1080,73,3.28,"Medicine",1,2,5,1,6,1,56900,5,3,"Entry",3,"No","Medio"
"S01056",22,"Female",3.58,1548,775,3.58,"Mathematics",4,5,4,5,8,2,58400,1,4,"Mid",8,"No","Medio"
"S01058",27,"Female",2.33,1110,981,3.81,"Medicine",2,1,2,4,7,2,72800,4,5,"Entry",1,"No","Alto"
"S01059",29,"Female",3.71,1557,742,3.84,"Mathematics",2,4,5,9,3,0,47000,3,3,"Entry",7,"No","Medio"
"S01063",21,"Female",2.84,923,143,3.12,"Medicine",2,8,3,2,5,3,85700,4,3,"Entry",2,"No","Alto"
"S01065",22,"Male",2.57,1501,445,3.55,"Medicine",3,3,1,3,3,2,41500,10,5,"Entry",4,"No","Medio"
"S01066",26,"Female",3.01,1517,824,2.81,"Medicine",2,8,1,10,8,2,34900,4,3,"Mid",9,"Yes","Medio"
"S01070",25,"Male",3.16,1300,848,2.28,"Mathematics",0,8,4,5,7,0,79800,7,5,"Entry",7,"No","Alto"
"S01072",24,"Male",2.38,1411,715,3.08,"Mathematics",1,8,2,3,3,3,60700,1,3,"Entry",5,"No","Alto"
"S01079",22,"Male",3.75,1457,437,2.63,"Mathematics",1,2,3,6,5,0,80700,6,5,"Entry",3,"No","Alto"
"S01080",25,"Female",2.6,1590,718,3.42,"Mathematics",0,6,1,5,10,3,62800,7,1,"Mid",1,"No","Alto"
"S01081",28,"Male",2.02,1167,564,2.32,"Medicine",2,2,3,5,8,1,44700,8,2,"Mid",10,"No","Medio"
"S01088",25,"Male",2.53,1139,399,2.99,"Mathematics",1,7,1,2,6,4,59800,4,4,"Entry",2,"No","Medio"
"S01093",26,"Female",2.47,1286,289,2.45,"Mathematics",3,2,2,1,3,4,54300,4,2,"Mid",8,"No","Medio"
"S01094",22,"Male",3.45,1293,841,2.9,"Medicine",3,4,4,9,7,2,40200,7,1,"Mid",4,"No","Medio"
"S01097",22,"Male",2.02,1169,388,2.75,"Medicine",1,1,1,7,10,3,70200,10,1,"Entry",5,"No","Alto"
"S01098",22,"Male",2.92,1048,784,3.72,"Medicine",4,4,2,2,7,5,66900,3,2,"Entry",2,"No","Alto"
"S01102",27,"Female",2.59,1319,313,2.98,"Mathematics",2,8,1,4,3,2,63900,2,2,"Entry",1,"No","Alto"
"S01103",21,"Male",3.12,1179,40,3.36,"Mathematics",0,0,4,7,10,0,55400,5,5,"Entry",2,"No","Medio"
"S01113",23,"Female",3.51,960,515,3.38,"Medicine",0,6,2,1,6,5,77600,2,3,"Senior",5,"No","Alto"
"S01116",18,"Female",2.14,1198,255,2.03,"Medicine",3,7,4,7,7,0,42400,8,2,"Entry",5,"Yes","Medio"
"S01117",26,"Male",3.2,1314,737,2.29,"Mathematics",1,4,1,2,5,3,44200,1,2,"Entry",7,"No","Medio"
"S01119",18,"Male",3.06,1448,535,3.29,"Medicine",1,8,1,10,7,3,39600,8,1,"Entry",2,"No","Medio"
"S01124",25,"Female",2.8,1319,17,2.8,"Mathematics",2,9,5,7,1,0,52600,7,1,"Entry",2,"No","Medio"
"S01131",24,"Female",3.65,1177,391,3.77,"Medicine",2,5,2,2,2,3,56400,3,1,"Entry",9,"No","Medio"
"S01133",25,"Male",3.4,1489,846,3.39,"Mathematics",2,5,3,2,2,5,43400,7,5,"Entry",7,"No","Medio"
"S01136",18,"Male",2.59,1235,655,3.86,"Medicine",1,0,2,5,9,1,32700,9,1,"Entry",5,"Yes","Medio"
"S01140",21,"Male",3.43,1127,80,3.63,"Mathematics",3,3,5,10,9,1,38200,1,1,"Mid",9,"No","Medio"
"S01147",18,"Male",3.94,1409,272,2.7,"Mathematics",4,6,5,9,6,2,47600,4,1,"Senior",9,"No","Medio"
"S01149",23,"Male",2.65,1326,5,2.19,"Medicine",2,4,2,9,1,1,41100,7,3,"Entry",10,"No","Medio"
"S01152",22,"Female",3.25,1467,629,2.1,"Mathematics",4,4,5,9,1,3,69900,4,3,"Mid",5,"Yes","Alto"
"S01153",28,"Female",2.29,1260,690,2.24,"Mathematics",1,8,4,5,6,0,44200,4,4,"Entry",8,"No","Medio"
"S01155",18,"Female",3.72,1078,747,3.68,"Medicine",2,8,4,7,8,4,65600,8,2,"Executive",8,"No","Alto"
"S01167",28,"Male",3.85,1524,84,2.97,"Medicine",4,3,5,8,1,5,56000,5,4,"Entry",8,"No","Medio"
"S01168",20,"Male",3.82,1474,290,2.5,"Mathematics",3,3,2,7,5,3,60200,9,5,"Entry",7,"No","Alto"
"S01169",20,"Female",3.02,1271,71,2.34,"Medicine",4,2,5,9,2,1,50300,10,1,"Senior",6,"No","Medio"
"S01179",25,"Female",2.56,1212,863,2.75,"Mathematics",1,2,0,3,1,5,66200,7,2,"Entry",6,"No","Alto"
"S01180",23,"Female",2.21,1192,434,2.16,"Medicine",4,5,5,2,10,1,40000,10,2,"Entry",8,"No","Medio"
"S01183",24,"Female",3.23,955,681,2.57,"Medicine",0,2,4,1,6,5,37200,8,3,"Mid",1,"No","Medio"
"S01185",28,"Male",3.8,1103,572,2.3,"Mathematics",1,6,1,4,8,5,44900,6,1,"Entry",7,"No","Medio"
"S01189",19,"Female",2.2,1142,702,2.08,"Medicine",1,5,1,2,3,2,48600,3,2,"Entry",6,"No","Medio"
"S01191",18,"Male",3,1373,340,2.8,"Medicine",1,8,1,1,9,2,54800,7,5,"Mid",2,"No","Medio"
"S01192",25,"Female",2.09,1426,793,2.96,"Mathematics",0,3,5,10,9,3,51600,7,2,"Entry",7,"No","Medio"
"S01193",29,"Female",2.7,1555,744,3.09,"Mathematics",1,6,5,7,7,1,36200,3,3,"Entry",6,"Yes","Medio"
"S01197",21,"Female",2.99,1162,275,2.63,"Mathematics",2,1,3,8,6,0,40300,5,2,"Mid",4,"No","Medio"
"S01198",21,"Male",2.86,1084,825,3.66,"Mathematics",2,3,5,7,6,0,44300,1,3,"Entry",1,"Yes","Medio"
"S01210",25,"Female",2.32,906,397,3.76,"Mathematics",4,6,4,10,6,1,25000,8,5,"Senior",4,"No","Bajo"
"S01212",23,"Male",3.06,1318,794,2.81,"Mathematics",0,8,4,6,7,4,59900,6,1,"Mid",4,"No","Medio"
"S01213",28,"Male",2.15,1371,500,3.81,"Mathematics",0,8,1,1,8,5,51400,2,3,"Mid",6,"No","Medio"
"S01215",18,"Female",3.25,1175,133,3.96,"Mathematics",4,0,5,4,8,3,53200,5,1,"Entry",1,"No","Medio"
"S01217",22,"Female",2.94,1507,433,2.9,"Medicine",4,1,2,7,3,2,46700,3,2,"Mid",8,"No","Medio"
"S01222",26,"Female",3.22,1447,583,2.87,"Medicine",2,5,2,6,2,4,57800,3,1,"Mid",3,"No","Medio"
"S01230",22,"Male",3.9,1072,298,3.68,"Mathematics",1,5,1,3,1,3,63000,10,4,"Mid",7,"No","Alto"
"S01231",26,"Male",2.16,1200,117,2.68,"Medicine",3,5,4,2,10,4,54100,10,5,"Entry",4,"No","Medio"
"S01237",26,"Male",3.27,1410,680,2.46,"Mathematics",3,3,5,10,9,0,38600,9,4,"Entry",8,"No","Medio"
"S01247",28,"Male",2.29,1558,280,2.07,"Medicine",0,0,2,5,6,1,59700,5,4,"Senior",9,"No","Medio"
"S01248",19,"Female",2.07,1010,499,2.52,"Mathematics",2,9,0,3,6,4,50500,8,3,"Entry",5,"No","Medio"
"S01249",28,"Female",2.94,1257,836,2.43,"Mathematics",0,2,0,5,5,1,53200,10,5,"Mid",9,"No","Medio"
"S01250",18,"Female",3.91,1137,436,3.73,"Mathematics",3,4,2,3,9,1,77800,8,1,"Entry",4,"Yes","Alto"
"S01253",29,"Male",3.47,924,687,3.91,"Mathematics",0,2,3,2,3,4,25000,10,2,"Executive",5,"No","Bajo"
"S01255",20,"Male",3.29,1595,969,3.97,"Medicine",3,0,0,1,9,4,38700,2,4,"Entry",9,"No","Medio"
"S01259",24,"Female",3.39,1022,978,2.94,"Mathematics",3,5,4,9,5,2,49600,2,2,"Mid",8,"No","Medio"
"S01260",21,"Other",3.17,1396,612,3.79,"Medicine",2,3,2,10,8,2,35100,7,2,"Entry",9,"Yes","Medio"
"S01261",23,"Female",3.67,954,595,3.12,"Medicine",3,6,2,3,2,4,53700,5,2,"Entry",4,"No","Medio"
"S01262",22,"Male",2.14,1062,280,2.58,"Medicine",0,5,0,9,8,5,59400,6,1,"Senior",1,"No","Medio"
"S01266",28,"Female",2.68,982,513,3.15,"Mathematics",0,2,4,9,7,1,52500,10,1,"Entry",5,"No","Medio"
"S01268",27,"Male",3.78,1012,419,3.69,"Mathematics",2,6,3,5,6,0,61700,5,3,"Mid",9,"Yes","Alto"
"S01271",22,"Female",2.8,1182,658,2.17,"Medicine",0,2,5,9,1,3,44500,9,1,"Mid",10,"No","Medio"
"S01272",18,"Female",2.2,1186,462,2.94,"Mathematics",4,3,4,10,1,3,45600,9,3,"Mid",9,"No","Medio"
"S01274",18,"Female",2.1,1064,202,2.72,"Medicine",4,4,5,3,10,5,59300,8,4,"Entry",5,"No","Medio"
"S01278",21,"Male",3.49,1238,222,3.28,"Medicine",3,9,4,5,4,3,59500,6,5,"Entry",1,"No","Medio"
"S01279",23,"Other",2.1,1411,79,2.27,"Mathematics",3,5,2,7,5,5,72100,3,2,"Mid",1,"No","Alto"
"S01280",23,"Female",2.44,1165,200,2.29,"Mathematics",2,9,1,10,2,0,58300,8,5,"Entry",1,"No","Medio"
"S01289",25,"Female",2.71,1228,813,3.87,"Medicine",3,9,5,9,2,4,33200,10,3,"Entry",7,"No","Medio"
"S01291",18,"Female",3.02,1095,52,2.12,"Mathematics",3,7,0,4,2,3,50400,1,4,"Entry",6,"No","Medio"
"S01292",25,"Male",2.26,1488,967,2.34,"Medicine",3,6,3,8,6,1,74100,3,4,"Mid",6,"No","Alto"
"S01293",20,"Female",3.48,1430,624,3.51,"Mathematics",3,9,3,7,5,2,57200,2,1,"Entry",2,"Yes","Medio"
"S01297",19,"Female",3,1126,470,3.56,"Medicine",1,2,5,3,6,1,25000,1,5,"Entry",2,"No","Bajo"
"S01301",18,"Male",2.04,1275,745,3.56,"Medicine",3,7,4,8,5,5,30800,10,5,"Entry",4,"No","Medio"
"S01306",18,"Female",3.55,1221,261,3.87,"Medicine",2,6,2,3,4,4,46300,7,1,"Entry",2,"No","Medio"
"S01309",24,"Female",2.41,1387,388,3.21,"Medicine",0,9,3,1,5,3,69600,6,3,"Entry",4,"No","Alto"
"S01316",18,"Male",3.72,1203,804,3.82,"Medicine",2,3,4,9,2,3,39600,10,1,"Senior",1,"No","Medio"
"S01319",29,"Male",3.44,1150,951,3.63,"Medicine",4,7,2,9,9,4,61300,1,5,"Mid",7,"No","Alto"
"S01320",19,"Female",2.38,906,931,2.9,"Mathematics",3,3,1,4,3,4,25000,6,1,"Senior",7,"No","Bajo"
"S01323",18,"Male",2.78,1044,593,2.73,"Mathematics",3,7,1,7,3,4,27600,4,1,"Mid",2,"Yes","Bajo"
"S01324",26,"Female",3.48,1315,573,2.28,"Mathematics",1,8,4,6,8,5,72000,8,1,"Entry",9,"No","Alto"
"S01332",26,"Male",3.39,1572,727,3.73,"Mathematics",2,1,2,6,1,3,41400,4,4,"Senior",10,"No","Medio"
"S01338",25,"Female",2.04,1196,283,3.18,"Mathematics",2,4,0,1,3,0,62800,2,4,"Mid",3,"No","Alto"
"S01346",22,"Female",3.34,1509,593,2.67,"Mathematics",0,0,0,6,4,3,56900,2,5,"Mid",5,"No","Medio"
"S01347",23,"Female",3.56,1499,255,2.69,"Mathematics",0,0,0,6,2,4,47500,8,4,"Entry",3,"No","Medio"
"S01351",24,"Male",2.57,1040,974,3.75,"Mathematics",1,3,0,10,9,5,51100,3,2,"Mid",5,"No","Medio"
"S01353",24,"Male",2.5,1036,42,3.99,"Medicine",0,2,0,5,1,2,58200,10,5,"Senior",4,"No","Medio"
"S01357",20,"Female",3.89,1066,384,2.44,"Medicine",1,6,3,9,4,5,53700,5,2,"Entry",9,"No","Medio"
"S01360",29,"Female",3.63,964,966,2.52,"Mathematics",4,1,3,9,8,0,54400,10,3,"Mid",9,"No","Medio"
"S01363",18,"Male",2.53,1332,733,3.94,"Medicine",1,3,3,1,8,1,47600,2,4,"Entry",7,"Yes","Medio"
"S01382",21,"Male",2.05,1384,165,2.14,"Medicine",1,3,2,6,5,4,53800,9,2,"Mid",3,"No","Medio"
"S01385",29,"Female",3.11,917,656,2.65,"Medicine",4,5,0,3,1,5,41100,4,2,"Mid",4,"No","Medio"
"S01388",27,"Male",2.6,1345,940,3.88,"Mathematics",1,7,1,4,6,3,62800,10,4,"Mid",10,"Yes","Alto"
"S01392",18,"Male",2.88,1015,716,3.52,"Mathematics",3,5,2,3,3,5,49800,2,3,"Mid",3,"Yes","Medio"
"S01393",19,"Male",2.79,973,814,3,"Medicine",3,1,2,10,6,4,48800,4,2,"Mid",9,"Yes","Medio"
"S01396",26,"Female",3.1,1015,806,3.84,"Medicine",0,7,4,9,10,2,41500,9,1,"Entry",1,"No","Medio"
"S01398",19,"Female",3.49,1592,475,3.77,"Medicine",0,3,1,1,9,3,47000,6,1,"Mid",10,"No","Medio"
"S01400",24,"Other",3.62,1063,462,3.67,"Mathematics",3,2,4,5,6,4,36200,7,3,"Executive",8,"No","Medio"
"S01403",23,"Female",3.43,1025,162,3.84,"Mathematics",1,0,2,3,1,0,45100,2,2,"Entry",2,"No","Medio"
"S01408",19,"Male",2.9,1274,892,2.44,"Mathematics",2,7,2,6,9,0,60300,6,5,"Senior",7,"No","Alto"
"S01418",23,"Other",2.54,1449,89,2.87,"Medicine",0,9,5,8,8,1,45700,4,5,"Entry",1,"No","Medio"
"S01420",18,"Female",3.44,1513,230,3.42,"Medicine",2,6,3,7,10,1,57600,10,3,"Entry",7,"Yes","Medio"
"S01424",27,"Male",3.47,1303,864,2.99,"Mathematics",0,9,0,3,3,5,54100,2,2,"Entry",4,"No","Medio"
"S01425",29,"Male",2.28,1466,890,3.23,"Mathematics",0,8,4,4,8,0,89600,6,2,"Mid",4,"No","Alto"
"S01430",22,"Male",2.25,1207,772,3.88,"Mathematics",4,3,4,6,10,4,48600,2,4,"Entry",8,"No","Medio"
"S01432",26,"Male",3.5,1063,702,2.47,"Medicine",0,0,0,10,3,2,32200,1,3,"Mid",7,"No","Medio"
"S01436",19,"Male",3.21,1234,355,2.81,"Mathematics",4,4,3,8,9,5,67300,6,2,"Entry",8,"No","Alto"
"S01438",26,"Male",2.04,970,791,2.1,"Medicine",0,2,4,7,4,2,58500,9,2,"Mid",1,"No","Medio"
"S01440",24,"Female",3.28,1238,321,3.26,"Mathematics",1,6,2,5,2,0,62100,8,3,"Entry",7,"Yes","Alto"
"S01446",27,"Male",3.38,1103,212,2.72,"Mathematics",4,0,1,8,8,3,37500,6,3,"Entry",8,"No","Medio"
"S01447",19,"Male",3.58,1022,785,2.31,"Medicine",0,7,0,4,5,4,61400,1,4,"Mid",4,"No","Alto"
"S01448",29,"Male",2.61,1469,953,2.15,"Mathematics",1,4,4,6,3,0,65300,2,5,"Entry",7,"No","Alto"
"S01455",20,"Female",2.44,946,682,2.54,"Mathematics",3,6,2,3,4,5,49900,10,1,"Entry",8,"No","Medio"
"S01466",20,"Other",2.43,1512,542,3.39,"Mathematics",0,9,0,2,6,3,39000,5,3,"Entry",3,"No","Medio"
"S01467",23,"Female",3.27,1514,635,3.89,"Mathematics",2,1,0,1,7,3,42200,8,1,"Executive",9,"No","Medio"
"S01472",23,"Male",2.68,965,29,3.89,"Mathematics",2,4,5,9,2,3,31800,2,1,"Mid",7,"Yes","Medio"
"S01475",18,"Male",3.59,1448,929,2.67,"Mathematics",4,5,0,3,2,4,43000,9,2,"Entry",3,"No","Medio"
"S01479",20,"Male",2.8,1162,498,3.01,"Mathematics",0,1,3,6,4,4,57700,9,1,"Mid",7,"No","Medio"
"S01485",28,"Male",3.08,1100,308,2.74,"Mathematics",3,4,1,1,3,4,42700,6,4,"Entry",2,"Yes","Medio"
"S01492",26,"Female",3.03,1098,220,2.28,"Mathematics",1,3,4,5,10,5,66900,7,5,"Entry",4,"No","Alto"
"S01493",25,"Male",2.03,1500,397,3.54,"Mathematics",2,7,4,1,5,1,78700,7,3,"Mid",5,"No","Alto"
"S01499",27,"Male",2.83,951,494,2.99,"Mathematics",3,5,5,6,6,1,43600,1,2,"Mid",6,"No","Medio"
"S01502",20,"Male",2.4,1479,724,3.53,"Mathematics",4,3,2,3,9,2,54900,6,3,"Senior",4,"Yes","Medio"
"S01505",22,"Female",3.12,1473,992,2.3,"Mathematics",2,3,5,3,9,1,25000,2,4,"Mid",2,"No","Bajo"
"S01506",29,"Female",3.58,1364,231,3.65,"Mathematics",1,2,3,6,7,0,44400,10,2,"Senior",9,"No","Medio"
"S01509",23,"Male",3.97,1533,177,2.86,"Mathematics",1,1,0,7,6,1,49300,8,2,"Entry",2,"Yes","Medio"
"S01513",22,"Male",2.5,1109,232,2.15,"Medicine",4,4,5,9,10,3,67600,9,3,"Senior",6,"Yes","Alto"
"S01514",29,"Female",3.55,988,12,2.38,"Medicine",0,8,4,1,7,2,56900,5,4,"Entry",9,"Yes","Medio"
"S01519",27,"Female",2.73,962,902,2.31,"Mathematics",2,6,1,3,9,4,49800,1,3,"Entry",10,"No","Medio"
"S01520",26,"Male",2.71,1452,135,3.28,"Mathematics",1,8,3,4,1,3,36900,4,3,"Entry",3,"No","Medio"
"S01524",25,"Male",2.4,1491,456,2.39,"Medicine",1,1,4,10,8,2,59900,2,3,"Entry",1,"No","Medio"
"S01529",24,"Male",3.54,1128,469,3.89,"Mathematics",3,9,3,4,2,2,28800,6,3,"Entry",4,"No","Bajo"
"S01530",22,"Female",3.32,1049,513,2.68,"Mathematics",4,4,2,5,6,4,25000,9,3,"Entry",7,"No","Bajo"
"S01542",27,"Female",3.98,1242,462,2.43,"Medicine",2,4,4,10,7,1,72300,1,3,"Entry",5,"No","Alto"
"S01551",22,"Other",3.29,1593,968,3.16,"Medicine",3,2,4,6,9,0,51100,6,5,"Mid",6,"Yes","Medio"
"S01553",26,"Female",2.11,1322,322,4,"Medicine",3,0,4,8,5,4,68700,3,2,"Entry",8,"No","Alto"
"S01555",25,"Female",3.73,1105,240,3.52,"Medicine",4,2,2,3,3,4,64000,4,5,"Mid",2,"Yes","Alto"
"S01557",28,"Male",2.16,1004,650,3.51,"Medicine",0,6,1,5,7,4,54400,9,1,"Mid",3,"No","Medio"
"S01558",24,"Female",3.12,1587,562,3.91,"Medicine",1,3,4,6,3,2,63100,4,4,"Entry",9,"No","Alto"
"S01561",24,"Female",3.7,1390,831,2.44,"Mathematics",4,0,2,2,3,4,25000,7,2,"Entry",5,"No","Bajo"
"S01564",28,"Male",3.61,1334,981,3.15,"Medicine",0,6,4,2,6,4,47500,7,4,"Entry",9,"No","Medio"
"S01569",20,"Female",3.82,1069,509,2.64,"Medicine",4,5,3,1,5,4,39200,4,2,"Mid",4,"No","Medio"
"S01571",29,"Male",2.57,1373,557,2.94,"Mathematics",2,6,2,7,6,3,46200,6,5,"Entry",7,"Yes","Medio"
"S01576",25,"Female",2.18,931,673,3.27,"Medicine",0,1,0,7,10,5,44500,4,2,"Mid",1,"Yes","Medio"
"S01578",24,"Female",2.74,964,474,2.63,"Medicine",3,6,1,7,1,4,37800,8,4,"Senior",1,"No","Medio"
"S01579",24,"Male",3.44,926,911,3.22,"Medicine",2,5,3,8,6,5,57600,2,4,"Mid",6,"No","Medio"
"S01581",24,"Male",2.85,1378,270,2.51,"Mathematics",2,2,1,1,8,1,54100,7,5,"Entry",2,"No","Medio"
"S01584",21,"Male",3.87,965,694,2.49,"Mathematics",1,6,1,1,4,0,41600,4,1,"Mid",3,"Yes","Medio"
"S01587",19,"Male",3.78,981,182,3.31,"Mathematics",0,2,2,3,5,1,35100,10,4,"Mid",6,"No","Medio"
"S01588",18,"Female",3.61,1227,36,2.12,"Medicine",2,1,0,7,7,2,76300,3,4,"Entry",10,"No","Alto"
"S01589",27,"Male",2.37,997,212,2.87,"Medicine",4,6,1,7,1,2,52800,2,2,"Entry",1,"Yes","Medio"
"S01590",29,"Female",2.59,1484,896,3.83,"Medicine",1,3,0,6,6,0,25000,5,5,"Entry",6,"Yes","Bajo"
"S01591",19,"Male",3.43,1226,948,3.58,"Medicine",3,1,5,7,7,0,48200,1,1,"Entry",6,"No","Medio"
"S01602",21,"Female",2.75,1318,438,2.4,"Medicine",2,7,1,8,2,4,53500,7,4,"Mid",5,"No","Medio"
"S01615",18,"Male",2.9,1042,462,2.27,"Medicine",4,9,0,10,5,1,70400,6,1,"Senior",3,"No","Alto"
"S01619",19,"Female",2.06,936,145,3.07,"Medicine",0,9,1,10,9,4,35800,8,4,"Executive",1,"No","Medio"
"S01622",22,"Female",3.74,996,735,3.29,"Medicine",0,1,3,5,7,5,25000,5,5,"Entry",5,"No","Bajo"
"S01623",26,"Female",3.21,1180,406,2.15,"Medicine",3,4,3,3,10,0,34500,4,4,"Entry",4,"No","Medio"
"S01634",22,"Male",2.01,1309,932,3.66,"Mathematics",3,3,2,2,9,2,25400,2,2,"Entry",10,"No","Bajo"
"S01635",22,"Female",2.61,1302,266,3.69,"Mathematics",0,1,1,6,3,1,59800,5,1,"Senior",3,"No","Medio"
"S01638",23,"Female",3.35,1203,248,2.42,"Medicine",0,1,1,6,9,2,56100,5,4,"Mid",7,"No","Medio"
"S01640",25,"Female",3.5,1555,872,3.9,"Medicine",3,9,5,8,5,2,60900,6,4,"Mid",9,"No","Alto"
"S01648",28,"Female",2.54,1290,941,2.33,"Medicine",1,5,1,7,1,5,49900,7,1,"Entry",10,"No","Medio"
"S01650",21,"Female",2.88,1035,37,3.57,"Mathematics",0,0,1,7,5,5,26400,10,5,"Entry",4,"No","Bajo"
"S01656",19,"Female",2.7,910,756,2.79,"Mathematics",0,2,5,7,5,0,25000,7,5,"Entry",9,"Yes","Bajo"
"S01657",26,"Male",3.48,1452,917,3.55,"Medicine",3,6,5,8,8,4,90400,5,1,"Entry",7,"No","Alto"
"S01661",27,"Female",3.18,1095,863,3.86,"Mathematics",1,6,2,3,5,4,56000,4,4,"Mid",2,"Yes","Medio"
"S01666",22,"Male",3.13,1529,165,3.13,"Mathematics",3,7,1,6,4,4,65500,5,3,"Entry",7,"No","Alto"
"S01667",23,"Other",3.43,1064,13,3.4,"Medicine",2,3,5,8,4,4,28700,5,3,"Mid",1,"No","Bajo"
"S01677",20,"Male",2.97,1424,436,2.43,"Medicine",4,0,1,6,9,5,34700,1,3,"Entry",8,"No","Medio"
"S01682",20,"Male",3.21,1203,815,2.25,"Medicine",0,8,3,2,2,2,52300,1,2,"Mid",4,"Yes","Medio"
"S01683",20,"Female",2.62,1297,43,2.34,"Medicine",0,6,4,4,5,1,50000,2,1,"Mid",3,"No","Medio"
"S01688",21,"Female",2.59,1348,766,2.82,"Mathematics",1,6,5,7,7,0,54200,4,1,"Executive",8,"No","Medio"
"S01691",28,"Other",2.9,976,70,3.68,"Mathematics",2,4,4,3,8,0,57900,8,5,"Entry",7,"No","Medio"
"S01693",25,"Male",2.94,1324,292,2.58,"Medicine",3,1,5,7,2,1,45600,8,5,"Entry",9,"No","Medio"
"S01696",29,"Female",3.72,1034,822,3.02,"Medicine",1,8,3,5,10,4,41100,10,3,"Mid",6,"Yes","Medio"
"S01700",19,"Female",2.43,1154,996,2.62,"Medicine",3,6,5,1,6,1,53700,1,1,"Senior",1,"No","Medio"
"S01704",25,"Male",3.21,1383,482,3.62,"Mathematics",3,5,0,10,8,5,49800,1,2,"Mid",1,"No","Medio"
"S01711",29,"Male",3.77,900,2,3.19,"Mathematics",3,5,0,5,7,5,25000,5,2,"Entry",5,"Yes","Bajo"
"S01712",23,"Female",3.46,1189,646,3.73,"Mathematics",0,9,5,1,4,4,55000,3,1,"Mid",6,"No","Medio"
"S01714",28,"Female",2.67,1474,558,2.43,"Medicine",1,3,0,9,6,1,29900,9,4,"Senior",9,"No","Bajo"
"S01717",19,"Male",2.01,1037,721,3.44,"Medicine",0,8,1,8,4,0,52500,5,1,"Mid",8,"No","Medio"
"S01725",25,"Female",3.47,1133,780,2.22,"Mathematics",4,3,5,8,1,4,56000,2,5,"Entry",4,"No","Medio"
"S01735",23,"Male",3.32,1363,928,3.91,"Mathematics",3,9,3,7,5,0,29000,8,4,"Entry",5,"Yes","Bajo"
"S01745",26,"Female",3.53,1379,977,2.4,"Medicine",0,1,0,10,6,2,25000,9,2,"Entry",2,"No","Bajo"
"S01750",23,"Female",3.97,1002,100,3.67,"Mathematics",3,9,3,3,6,5,54800,4,2,"Entry",9,"No","Medio"
"S01757",20,"Male",2.9,1123,630,2.36,"Mathematics",1,8,3,7,5,3,31400,2,1,"Executive",7,"No","Medio"
"S01761",28,"Female",2.52,1340,290,2.01,"Mathematics",4,3,0,9,3,2,71100,10,3,"Executive",9,"Yes","Alto"
"S01764",19,"Male",2.46,1264,816,2.5,"Mathematics",4,0,4,5,5,2,60100,3,5,"Mid",7,"No","Alto"
"S01765",21,"Female",2.3,1131,360,2.18,"Medicine",0,7,0,8,6,0,44400,6,3,"Entry",3,"No","Medio"
"S01768",24,"Male",3.5,1503,552,3.02,"Mathematics",4,5,3,3,3,1,48000,9,2,"Entry",1,"No","Medio"
"S01772",26,"Female",3.61,1367,864,3.86,"Medicine",4,8,3,9,8,5,66400,6,1,"Mid",2,"No","Alto"
"S01775",19,"Other",3.97,992,336,3.4,"Mathematics",2,3,2,3,7,5,28700,6,5,"Entry",2,"No","Bajo"
"S01776",29,"Female",2.55,1307,503,2.18,"Medicine",3,7,5,4,1,3,57900,6,5,"Entry",8,"No","Medio"
"S01781",24,"Male",3.18,1484,717,2.37,"Mathematics",2,8,2,3,9,1,62800,10,4,"Entry",3,"Yes","Alto"
"S01785",29,"Male",2.06,1459,722,2.05,"Medicine",0,5,0,3,8,3,36800,1,1,"Mid",3,"No","Medio"
"S01786",29,"Female",3.22,1178,386,3.1,"Mathematics",3,0,5,3,3,1,48900,6,1,"Mid",6,"No","Medio"
"S01788",23,"Male",2.83,1418,770,2.42,"Mathematics",0,8,3,8,6,5,53700,9,4,"Mid",9,"No","Medio"
"S01791",21,"Male",2.44,1517,696,3.42,"Medicine",2,8,0,5,9,4,54900,1,5,"Senior",1,"No","Medio"
"S01796",29,"Male",2.77,1207,260,3.49,"Mathematics",2,6,5,10,6,1,33000,3,5,"Entry",7,"No","Medio"
"S01798",18,"Male",3.44,1310,600,2.19,"Medicine",4,3,2,9,7,3,66500,9,2,"Entry",1,"No","Alto"
"S01802",23,"Female",3.24,1536,977,2.66,"Mathematics",3,2,1,2,8,4,59800,5,2,"Entry",5,"No","Medio"
"S01805",28,"Male",3.41,930,86,2.55,"Medicine",2,3,5,10,8,2,67100,1,5,"Entry",1,"No","Alto"
"S01812",21,"Female",2.07,1214,312,3.64,"Medicine",2,7,2,3,5,2,55200,8,1,"Entry",7,"No","Medio"
"S01817",23,"Male",2.21,1552,238,2.25,"Medicine",0,7,3,9,5,1,52700,9,4,"Mid",5,"No","Medio"
"S01821",24,"Male",2.04,1027,559,3.75,"Mathematics",0,3,1,10,6,4,33100,8,4,"Entry",9,"No","Medio"
"S01822",27,"Female",2.5,1168,791,3.98,"Medicine",4,5,2,5,3,4,69800,5,5,"Entry",7,"No","Alto"
"S01826",18,"Female",3.64,1518,475,2.46,"Medicine",2,9,2,2,3,2,68900,6,5,"Entry",10,"No","Alto"
"S01828",26,"Male",3.69,1041,716,3.52,"Mathematics",2,0,2,5,2,5,58500,6,3,"Entry",3,"No","Medio"
"S01829",24,"Male",3.2,1044,339,2.69,"Medicine",4,6,3,4,2,4,40600,9,5,"Mid",8,"No","Medio"
"S01832",21,"Female",2.46,1189,162,2.72,"Medicine",1,2,2,9,3,2,32900,10,2,"Senior",5,"No","Medio"
"S01834",21,"Male",2.92,1011,797,3.4,"Mathematics",1,5,1,10,5,1,49200,8,4,"Senior",7,"No","Medio"
"S01835",23,"Other",2.08,1113,61,3.06,"Medicine",4,1,3,7,8,2,40500,9,1,"Entry",8,"No","Medio"
"S01837",28,"Female",2.24,1099,547,3.81,"Medicine",4,4,0,5,2,3,41600,7,2,"Entry",3,"No","Medio"
"S01840",29,"Female",3.11,906,76,2.81,"Mathematics",2,8,1,8,8,2,27200,7,2,"Mid",2,"No","Bajo"
"S01843",22,"Female",3.85,1185,681,3.32,"Mathematics",0,2,5,2,4,3,36400,1,5,"Entry",9,"No","Medio"
"S01845",28,"Male",3.25,1288,473,3.32,"Mathematics",4,1,3,1,8,2,52600,7,5,"Entry",7,"No","Medio"
"S01850",22,"Male",2.78,1233,603,2.38,"Medicine",4,8,3,7,4,4,52000,10,3,"Entry",3,"No","Medio"
"S01854",27,"Female",2.11,1218,253,2.6,"Mathematics",3,2,2,10,5,5,59400,9,5,"Senior",6,"Yes","Medio"
"S01858",20,"Female",2.46,1548,675,3.68,"Mathematics",0,5,1,1,3,5,47600,4,2,"Entry",9,"Yes","Medio"
"S01859",18,"Male",3.8,1220,165,3.11,"Mathematics",4,6,3,3,8,0,80500,4,2,"Executive",7,"Yes","Alto"
"S01868",26,"Male",2.69,1439,619,2.13,"Medicine",2,9,0,5,8,0,25300,9,4,"Entry",2,"No","Bajo"
"S01869",18,"Male",3,1151,250,3.75,"Mathematics",3,1,0,10,4,2,75300,8,5,"Entry",5,"No","Alto"
"S01874",21,"Male",2.48,1213,732,2.91,"Medicine",0,7,5,9,6,2,64700,5,3,"Mid",7,"Yes","Alto"
"S01876",20,"Female",2.13,1079,938,3.1,"Mathematics",2,7,3,8,2,2,38300,9,5,"Entry",1,"No","Medio"
"S01877",29,"Female",3.53,1284,151,3.55,"Mathematics",3,2,3,4,10,2,30400,9,1,"Mid",1,"No","Medio"
"S01878",22,"Male",2.85,1194,798,3.35,"Medicine",0,1,3,5,1,3,67600,10,4,"Entry",1,"No","Alto"
"S01880",29,"Female",3.46,974,220,3.06,"Medicine",3,4,4,5,4,0,58300,8,2,"Senior",10,"No","Medio"
"S01881",27,"Male",3.36,1243,216,3.68,"Mathematics",2,4,4,10,7,0,60400,8,1,"Mid",3,"No","Alto"
"S01884",26,"Female",2.75,1070,216,3.11,"Medicine",1,7,3,7,5,5,50200,5,3,"Mid",7,"No","Medio"
"S01888",21,"Male",3.75,1590,161,3.29,"Mathematics",0,6,5,6,2,5,54400,7,4,"Entry",6,"Yes","Medio"
"S01889",21,"Female",2.34,961,815,3.85,"Mathematics",0,4,2,4,9,4,54700,6,4,"Senior",4,"No","Medio"
"S01890",26,"Male",2.27,1226,610,2.34,"Medicine",4,6,2,2,1,1,59300,4,4,"Entry",8,"No","Medio"
"S01893",29,"Female",2.04,1489,157,3.13,"Medicine",1,6,5,9,8,1,56100,6,4,"Mid",4,"Yes","Medio"
"S01900",25,"Male",2.47,1123,764,3.49,"Mathematics",4,4,2,9,1,0,57500,3,1,"Mid",10,"No","Medio"
"S01903",25,"Female",2.61,973,120,3.68,"Mathematics",3,4,5,5,4,0,81100,4,1,"Entry",3,"No","Alto"
"S01911",29,"Female",3.95,1092,890,3.46,"Mathematics",4,5,0,8,2,4,60100,1,1,"Senior",9,"Yes","Alto"
"S01915",28,"Male",3.81,1309,837,3.95,"Mathematics",4,4,3,5,10,0,51300,6,5,"Entry",2,"No","Medio"
"S01922",26,"Male",3.45,1200,791,3.47,"Mathematics",4,1,2,1,4,1,69400,8,2,"Entry",5,"No","Alto"
"S01929",25,"Male",2.39,931,178,3.09,"Mathematics",0,8,0,10,6,0,47600,3,2,"Mid",8,"Yes","Medio"
"S01931",29,"Female",3.03,1090,395,2.4,"Mathematics",2,8,1,8,5,3,25000,4,4,"Senior",2,"No","Bajo"
"S01933",19,"Female",3.72,947,608,3.21,"Mathematics",3,7,4,9,4,4,68900,8,2,"Senior",1,"No","Alto"
"S01934",18,"Male",2.95,1149,331,2.32,"Medicine",1,8,4,1,4,0,40500,10,3,"Mid",3,"No","Medio"
"S01940",23,"Male",2.55,1079,721,3.84,"Mathematics",4,2,1,5,10,4,25200,4,4,"Senior",6,"No","Bajo"
"S01942",19,"Male",2.43,922,881,2.97,"Medicine",1,6,4,3,5,2,66400,4,3,"Entry",6,"Yes","Alto"
"S01946",27,"Female",3.93,1059,799,3.09,"Medicine",4,2,5,9,5,4,50600,6,5,"Senior",1,"Yes","Medio"
"S01947",19,"Female",2.32,1272,593,3.61,"Mathematics",1,7,5,6,4,4,48500,10,3,"Senior",4,"No","Medio"
"S01949",27,"Male",3.97,1420,50,2.38,"Mathematics",4,7,5,10,3,1,61600,8,5,"Entry",10,"Yes","Alto"
"S01951",29,"Male",3.4,1596,703,2.14,"Medicine",4,5,5,7,9,2,54200,8,2,"Mid",5,"No","Medio"
"S01957",23,"Male",3.18,1018,648,2.18,"Medicine",2,0,5,2,1,0,55500,1,5,"Entry",6,"Yes","Medio"
"S01960",26,"Female",2.17,1076,666,3.76,"Mathematics",2,2,5,8,7,3,25000,2,2,"Entry",8,"No","Bajo"
"S01962",26,"Female",3.36,1037,19,2.21,"Medicine",0,0,2,7,9,3,53400,6,2,"Entry",1,"No","Medio"
"S01966",25,"Female",2.08,1035,129,2.27,"Medicine",3,8,0,10,3,0,46800,10,3,"Mid",2,"No","Medio"
"S01970",28,"Male",2.9,1338,943,3.44,"Mathematics",2,8,1,10,7,0,64800,1,3,"Entry",6,"No","Alto"
"S01978",27,"Male",3.66,1342,445,3.46,"Mathematics",4,9,3,7,9,0,37600,7,3,"Mid",1,"Yes","Medio"
"S01981",29,"Other",2.82,1537,523,2.13,"Mathematics",3,0,5,10,4,0,76700,7,1,"Entry",6,"Yes","Alto"
"S01983",28,"Male",3.85,1373,708,3.93,"Medicine",1,4,5,1,6,2,70800,2,2,"Senior",6,"Yes","Alto"
"S01987",24,"Other",2.86,1556,238,2.51,"Mathematics",2,7,4,6,7,4,60900,5,4,"Entry",1,"No","Alto"
"S01996",24,"Male",3.96,1506,365,3.24,"Mathematics",3,2,4,3,2,3,29700,4,3,"Senior",6,"Yes","Bajo"
"S01999",20,"Male",2.09,1514,194,2.22,"Mathematics",2,1,5,2,7,2,49200,5,1,"Entry",1,"No","Medio"
"S02004",20,"Female",4,945,969,3.48,"Mathematics",2,1,1,6,3,3,45900,4,2,"Entry",4,"No","Medio"
"S02008",26,"Male",2.47,916,756,2.36,"Medicine",1,4,5,2,10,1,56700,7,2,"Mid",6,"No","Medio"
"S02010",20,"Female",2.62,1335,117,2.63,"Medicine",3,3,2,10,6,0,62300,1,5,"Entry",7,"No","Alto"
"S02012",27,"Female",2.56,976,451,3.65,"Medicine",4,2,5,2,2,3,58000,7,3,"Mid",3,"Yes","Medio"
"S02013",20,"Female",3.91,1270,599,2,"Mathematics",0,3,2,1,10,3,55000,2,5,"Entry",1,"No","Medio"
"S02020",22,"Female",2.38,1360,929,2.12,"Mathematics",0,8,5,6,9,0,25000,10,3,"Entry",1,"No","Bajo"
"S02021",27,"Male",3.11,1037,113,3.66,"Medicine",4,9,0,7,6,1,68200,6,4,"Entry",5,"No","Alto"
"S02026",29,"Female",2.48,1087,23,2.4,"Mathematics",2,0,2,7,1,1,67800,9,5,"Entry",6,"No","Alto"
"S02027",29,"Male",2.83,962,921,2.28,"Mathematics",1,7,1,9,6,4,74200,3,3,"Mid",1,"Yes","Alto"
"S02033",20,"Male",2.18,1198,469,2.22,"Medicine",1,8,3,8,3,3,43400,2,2,"Entry",1,"No","Medio"
"S02034",26,"Male",3.39,1100,970,3.15,"Mathematics",4,5,3,9,4,2,28700,6,2,"Entry",2,"Yes","Bajo"
"S02035",21,"Other",2.33,1034,155,2.16,"Medicine",3,8,5,5,3,3,32000,5,5,"Executive",5,"No","Medio"
"S02044",24,"Male",3.41,1395,407,2.22,"Medicine",3,7,3,1,4,1,49800,4,1,"Mid",2,"Yes","Medio"
"S02046",20,"Female",2.87,1232,240,3.09,"Medicine",3,0,5,7,9,4,27900,6,1,"Mid",3,"No","Bajo"
"S02051",20,"Female",3.16,985,1000,2.98,"Medicine",1,0,3,7,7,4,53700,6,1,"Senior",9,"No","Medio"
"S02052",19,"Other",3.38,915,50,3.72,"Mathematics",4,7,0,9,2,5,35200,9,2,"Executive",5,"No","Medio"
"S02055",18,"Female",2.87,1169,754,3.69,"Mathematics",4,6,5,4,7,1,81800,8,1,"Mid",7,"No","Alto"
"S02068",26,"Male",2.73,1247,453,3.7,"Medicine",2,8,2,3,9,3,30300,1,5,"Entry",4,"No","Medio"
"S02069",23,"Female",3.2,1020,620,2.76,"Mathematics",2,0,5,4,6,4,52000,2,2,"Entry",4,"No","Medio"
"S02070",29,"Male",3.21,1551,33,3.5,"Mathematics",3,2,5,8,2,2,55300,8,2,"Mid",2,"No","Medio"
"S02071",25,"Male",2.73,1427,915,2.35,"Mathematics",0,9,0,5,4,5,54400,10,1,"Entry",9,"Yes","Medio"
"S02072",24,"Male",3.81,1460,363,2.85,"Medicine",0,3,4,6,9,2,59600,8,2,"Entry",2,"No","Medio"
"S02078",18,"Male",3.03,1275,715,2.95,"Medicine",1,6,5,2,1,4,69000,10,5,"Mid",6,"No","Alto"
"S02079",28,"Female",3.63,1245,714,3.73,"Medicine",2,8,3,6,8,2,52400,9,2,"Entry",3,"Yes","Medio"
"S02080",26,"Male",3.55,1049,98,2.35,"Mathematics",2,1,1,3,6,1,35900,2,1,"Entry",3,"No","Medio"
"S02081",26,"Male",3.58,1484,116,2.04,"Medicine",4,2,4,6,7,5,35900,3,3,"Entry",3,"Yes","Medio"
"S02085",22,"Female",3.79,1413,281,3.22,"Mathematics",1,8,0,6,3,1,58400,10,1,"Entry",6,"No","Medio"
"S02088",25,"Other",3.95,1418,973,3.15,"Mathematics",4,7,2,4,9,3,37900,4,5,"Mid",8,"No","Medio"
"S02095",20,"Female",2.1,1086,533,2.04,"Mathematics",3,4,5,3,10,3,56900,7,1,"Senior",4,"Yes","Medio"
"S02096",23,"Male",3.49,1349,639,3.26,"Mathematics",3,7,1,1,7,0,64100,5,4,"Senior",8,"Yes","Alto"
"S02109",23,"Male",3.22,1094,63,3.54,"Mathematics",1,4,3,6,3,5,29600,10,2,"Senior",7,"Yes","Bajo"
"S02110",21,"Female",2.31,1342,270,3.91,"Medicine",1,6,1,2,6,5,38000,9,4,"Entry",8,"Yes","Medio"
"S02121",29,"Male",2.37,1081,94,3.83,"Medicine",1,9,0,6,1,3,54100,5,5,"Entry",8,"No","Medio"
"S02122",25,"Male",2.9,1416,625,2.18,"Mathematics",1,6,1,4,9,5,64200,3,2,"Entry",5,"No","Alto"
"S02123",29,"Other",3.2,1556,229,3.72,"Mathematics",0,9,1,6,6,4,40400,3,2,"Mid",3,"No","Medio"
"S02124",23,"Male",2.65,1489,250,3.59,"Medicine",1,1,1,8,7,4,60100,2,2,"Entry",1,"No","Alto"
"S02129",19,"Female",2.21,1574,267,2.95,"Medicine",4,5,4,10,3,5,42700,8,3,"Entry",6,"No","Medio"
"S02136",20,"Female",2.73,1363,186,3.66,"Mathematics",1,0,3,3,10,1,60300,9,3,"Mid",5,"No","Alto"
"S02139",22,"Male",2.91,918,651,3.83,"Mathematics",0,3,0,4,6,1,43400,10,3,"Senior",8,"No","Medio"
"S02142",18,"Male",3.52,1181,348,3.47,"Medicine",0,5,0,10,7,2,40000,7,3,"Entry",6,"No","Medio"
"S02154",26,"Male",3.81,1052,232,2.44,"Mathematics",0,0,1,6,5,5,50600,3,2,"Senior",6,"No","Medio"
"S02155",19,"Female",3.63,1144,297,3.97,"Medicine",1,8,2,7,7,3,62500,9,3,"Mid",6,"No","Alto"
"S02159",28,"Other",2.04,1403,572,3.44,"Mathematics",2,5,3,9,2,0,59000,1,1,"Mid",5,"No","Medio"
"S02166",21,"Female",2.74,931,952,2.98,"Medicine",1,6,2,7,5,3,62900,2,4,"Entry",10,"No","Alto"
"S02168",27,"Female",2.72,1424,110,3.94,"Mathematics",3,4,4,10,10,5,69500,4,4,"Senior",9,"No","Alto"
"S02170",24,"Male",3.05,1251,472,2.32,"Medicine",0,1,0,5,10,5,53100,8,4,"Mid",7,"No","Medio"
"S02177",23,"Male",2.59,1257,384,3.35,"Medicine",3,1,3,7,7,1,52300,4,1,"Entry",1,"No","Medio"
"S02178",22,"Female",2.1,1295,997,2.43,"Medicine",0,2,2,10,8,1,25000,1,5,"Entry",2,"Yes","Bajo"
"S02192",25,"Female",2.02,1399,10,3.32,"Medicine",2,8,2,4,5,0,47700,5,2,"Senior",1,"No","Medio"
"S02195",28,"Male",3.22,1234,944,2.68,"Medicine",2,7,3,3,3,4,68700,3,1,"Entry",3,"No","Alto"
"S02198",21,"Female",3.18,1013,639,3.3,"Medicine",4,0,3,9,8,1,53200,8,1,"Entry",1,"No","Medio"
"S02200",18,"Female",2.07,1367,744,3.86,"Mathematics",0,5,3,2,3,2,55300,7,3,"Mid",9,"No","Medio"
"S02201",20,"Female",2.07,1042,381,3.48,"Medicine",3,0,4,4,7,2,47900,2,2,"Entry",1,"No","Medio"
"S02202",22,"Male",2.05,1508,422,2.57,"Medicine",0,0,3,6,10,1,40200,3,1,"Entry",5,"No","Medio"
"S02205",27,"Male",3.59,1219,520,3.94,"Mathematics",1,1,3,8,9,2,26900,9,2,"Mid",9,"No","Bajo"
"S02208",19,"Male",3.03,1084,394,2.69,"Medicine",2,4,4,9,10,2,78800,1,5,"Senior",7,"Yes","Alto"
"S02210",26,"Male",2.55,1263,331,2.11,"Medicine",2,5,3,8,1,0,43200,4,5,"Mid",4,"Yes","Medio"
"S02211",18,"Male",2.24,1115,708,3.96,"Mathematics",4,7,1,8,8,2,57900,10,4,"Entry",5,"No","Medio"
"S02213",26,"Female",2.65,1138,954,2.73,"Mathematics",4,7,5,7,2,3,42000,3,4,"Mid",2,"No","Medio"
"S02215",22,"Male",3.29,1419,946,3.5,"Mathematics",1,9,0,7,10,4,45200,6,5,"Entry",6,"No","Medio"
"S02222",23,"Female",3.36,1407,725,3.69,"Medicine",4,9,0,1,6,5,67500,7,3,"Senior",5,"No","Alto"
"S02224",23,"Male",2.86,1568,767,3.56,"Medicine",4,2,5,1,4,3,29700,10,5,"Entry",10,"Yes","Bajo"
"S02225",19,"Female",2.83,1564,91,2.41,"Medicine",4,7,1,7,2,4,50700,6,1,"Mid",10,"No","Medio"
"S02228",24,"Male",2.14,1221,193,2.9,"Medicine",4,9,4,2,9,2,47400,10,3,"Entry",6,"No","Medio"
"S02233",23,"Female",3.91,953,724,3.54,"Mathematics",3,9,3,10,6,3,35700,3,3,"Senior",10,"No","Medio"
"S02238",29,"Female",2.18,1567,40,3.42,"Medicine",0,5,4,2,9,4,43100,7,5,"Entry",1,"No","Medio"
"S02248",20,"Male",3.73,1273,625,2.46,"Mathematics",0,1,0,5,1,0,47100,1,2,"Entry",4,"No","Medio"
"S02249",29,"Male",2.59,919,946,2.21,"Medicine",1,0,1,9,1,3,53000,9,1,"Entry",7,"No","Medio"
"S02255",27,"Female",3.5,1480,646,3.97,"Mathematics",3,1,2,6,10,3,57400,2,4,"Entry",1,"No","Medio"
"S02256",19,"Female",3.02,1597,124,2.58,"Medicine",0,0,2,6,8,5,57300,1,5,"Mid",1,"No","Medio"
"S02257",26,"Male",2.21,1578,372,2.88,"Mathematics",1,8,1,5,7,4,49100,5,4,"Mid",5,"No","Medio"
"S02261",25,"Male",2.24,1148,451,3.12,"Mathematics",0,4,0,3,6,2,61400,4,3,"Entry",1,"Yes","Alto"
"S02262",19,"Other",3.92,967,353,3.5,"Mathematics",3,7,1,6,9,4,38900,4,2,"Executive",8,"No","Medio"
"S02264",29,"Male",2.46,1411,955,2.74,"Mathematics",2,5,2,9,6,3,57300,7,5,"Mid",2,"No","Medio"
"S02268",29,"Female",2.87,1010,165,2.13,"Medicine",0,6,0,8,9,2,56400,4,2,"Entry",5,"No","Medio"
"S02270",19,"Other",3.18,1359,85,3.91,"Mathematics",3,5,0,5,3,4,32800,3,3,"Entry",5,"No","Medio"
"S02271",22,"Other",3.26,977,248,2.78,"Mathematics",1,7,3,6,4,1,29800,4,4,"Entry",9,"No","Bajo"
"S02273",21,"Female",2.59,1279,568,2.71,"Mathematics",2,7,2,9,3,3,44000,7,4,"Entry",3,"Yes","Medio"
"S02275",24,"Female",3.81,1339,653,3.96,"Mathematics",0,9,5,8,8,0,57200,1,3,"Executive",5,"No","Medio"
"S02276",23,"Male",3.8,1238,644,4,"Mathematics",2,5,1,4,5,4,53500,3,1,"Entry",3,"No","Medio"
"S02283",28,"Female",2.94,1326,357,2.9,"Medicine",1,0,0,5,8,2,33300,5,4,"Entry",4,"No","Medio"
"S02295",19,"Male",3.72,1052,463,3.12,"Mathematics",3,1,2,9,9,5,33100,7,3,"Entry",4,"No","Medio"
"S02299",28,"Female",2.18,985,788,2.84,"Mathematics",4,9,4,2,8,5,80600,4,1,"Mid",4,"No","Alto"
"S02302",25,"Male",2.42,1218,380,2.53,"Mathematics",0,0,3,9,3,3,59600,10,3,"Entry",6,"No","Medio"
"S02304",21,"Female",3.82,1380,769,3.81,"Medicine",4,8,1,6,1,4,44200,7,1,"Mid",10,"Yes","Medio"
"S02305",19,"Male",2.81,975,275,3.08,"Mathematics",3,4,1,1,10,0,52100,10,3,"Senior",6,"No","Medio"
"S02306",19,"Female",2.42,1228,87,2.06,"Medicine",3,8,1,10,1,4,49300,9,2,"Mid",9,"No","Medio"
"S02307",18,"Female",3.3,1315,154,3.85,"Medicine",2,5,3,5,10,1,60500,2,4,"Entry",9,"No","Alto"
"S02312",24,"Female",3.5,1124,610,2.93,"Medicine",2,8,1,1,2,4,48500,7,4,"Mid",1,"No","Medio"
"S02315",24,"Male",2.78,1259,560,2.21,"Medicine",2,3,0,1,7,4,50700,7,5,"Mid",7,"Yes","Medio"
"S02324",21,"Female",3.81,1190,443,3.22,"Medicine",1,0,0,1,7,1,83900,2,2,"Mid",4,"No","Alto"
"S02325",23,"Male",3.92,1357,262,3.14,"Mathematics",0,2,2,6,5,0,51100,1,2,"Mid",7,"No","Medio"
"S02328",18,"Male",3.05,1465,1000,4,"Mathematics",4,2,2,1,8,2,56900,8,3,"Entry",4,"No","Medio"
"S02329",29,"Female",2.42,1381,350,3.89,"Medicine",0,2,5,8,10,3,44100,7,3,"Mid",7,"Yes","Medio"
"S02333",24,"Male",2.44,1424,169,2.13,"Medicine",1,0,5,1,2,0,66300,7,3,"Entry",3,"No","Alto"
"S02342",27,"Female",3.79,1332,519,2.73,"Medicine",2,9,2,3,9,4,49200,4,4,"Entry",2,"Yes","Medio"
"S02346",27,"Male",2.15,1398,133,3.39,"Medicine",1,0,1,1,10,1,63300,2,3,"Mid",9,"No","Alto"
"S02347",25,"Male",3.78,1279,274,2.81,"Medicine",1,4,0,5,8,3,41900,7,3,"Senior",9,"No","Medio"
"S02350",27,"Female",3.36,923,545,2.83,"Mathematics",2,2,0,2,2,2,34900,1,3,"Entry",6,"No","Medio"
"S02351",28,"Female",3.87,1438,79,3.66,"Medicine",2,9,3,4,3,4,25000,2,2,"Entry",2,"No","Bajo"
"S02352",22,"Female",3.65,974,35,2.93,"Medicine",3,3,2,9,8,5,47700,8,4,"Entry",10,"No","Medio"
"S02354",19,"Male",3.14,1572,110,3.55,"Medicine",0,1,3,8,4,5,44000,2,5,"Executive",5,"No","Medio"
"S02356",20,"Male",3.87,1467,575,2.84,"Medicine",0,1,4,9,3,1,74000,6,1,"Entry",7,"No","Alto"
"S02363",20,"Female",3.76,1451,364,2.61,"Mathematics",0,1,4,5,9,0,58800,8,2,"Entry",9,"Yes","Medio"
"S02364",21,"Female",2.89,1138,232,3.49,"Mathematics",1,3,2,3,4,4,46300,6,5,"Entry",4,"No","Medio"
"S02366",18,"Female",2.28,909,414,2.28,"Medicine",0,4,4,6,5,1,73200,5,5,"Mid",6,"Yes","Alto"
"S02367",24,"Female",2.01,1164,294,3.45,"Medicine",0,6,1,1,2,0,31800,9,1,"Senior",3,"No","Medio"
"S02372",29,"Male",2.43,973,102,3.03,"Mathematics",1,6,4,3,10,4,74700,8,4,"Mid",2,"No","Alto"
"S02378",23,"Male",3.23,1060,685,2.94,"Medicine",1,7,3,4,10,0,58000,10,5,"Mid",8,"No","Medio"
"S02379",22,"Female",2.38,1132,541,2.36,"Medicine",4,4,4,8,3,4,59700,3,4,"Senior",3,"No","Medio"
"S02382",24,"Female",3.91,1550,472,2.94,"Medicine",0,7,1,1,2,0,51800,6,2,"Entry",9,"No","Medio"
"S02383",28,"Female",2.49,1126,16,2.2,"Mathematics",3,8,0,2,6,2,46100,9,5,"Mid",1,"Yes","Medio"
"S02388",19,"Female",2.14,1368,670,3.92,"Medicine",0,7,5,8,1,0,51700,6,1,"Entry",8,"No","Medio"
"S02389",20,"Male",3.6,1477,912,2.3,"Mathematics",1,9,5,9,4,3,36200,4,1,"Mid",10,"No","Medio"
"S02395",23,"Female",3.77,1151,760,2.87,"Medicine",2,5,3,1,1,5,76400,2,3,"Entry",8,"No","Alto"
"S02397",26,"Male",3.94,1206,415,3.4,"Medicine",2,2,3,6,10,0,54100,4,1,"Entry",8,"No","Medio"
"S02399",28,"Other",3.45,1574,888,2.36,"Medicine",4,5,4,3,3,0,28500,6,4,"Mid",1,"Yes","Bajo"
"S02400",24,"Male",2.74,1163,657,3.9,"Mathematics",4,3,3,2,5,3,46600,5,3,"Mid",5,"Yes","Medio"
"S02415",26,"Female",3.95,1173,709,3.31,"Mathematics",3,8,0,7,10,2,48500,5,4,"Entry",9,"Yes","Medio"
"S02419",23,"Male",2.02,1357,97,3.59,"Medicine",4,5,4,6,7,1,51500,10,2,"Entry",9,"No","Medio"
"S02420",26,"Male",2.48,1484,679,3.17,"Medicine",3,3,5,10,9,0,42400,10,1,"Entry",7,"No","Medio"
"S02421",24,"Male",3.36,1332,404,2.51,"Medicine",4,2,1,6,9,5,45400,7,5,"Entry",4,"Yes","Medio"
"S02422",21,"Male",2.46,1380,77,3.64,"Mathematics",1,8,4,1,10,0,36700,2,2,"Mid",6,"No","Medio"
"S02426",29,"Female",2.79,1208,291,3.46,"Medicine",0,3,0,7,8,0,27200,5,1,"Entry",7,"No","Bajo"
"S02429",28,"Male",2.35,1338,808,2.88,"Mathematics",3,5,5,6,2,4,47600,1,4,"Senior",7,"No","Medio"
"S02433",25,"Female",3.51,933,548,2.15,"Mathematics",0,1,5,4,3,0,33900,1,4,"Mid",9,"Yes","Medio"
"S02441",23,"Female",2.33,1371,996,3.77,"Mathematics",0,7,1,10,6,1,71800,5,3,"Entry",6,"No","Alto"
"S02443",24,"Female",2.46,1409,16,3.38,"Mathematics",1,7,1,7,8,1,36300,9,2,"Executive",2,"No","Medio"
"S02446",23,"Female",3.16,1266,699,2.98,"Medicine",1,3,2,1,5,3,52000,8,5,"Entry",2,"Yes","Medio"
"S02447",18,"Female",3.75,1387,806,2.18,"Mathematics",3,7,0,3,6,2,41500,1,1,"Entry",4,"No","Medio"
"S02449",19,"Other",2.9,955,274,3.69,"Mathematics",3,7,0,7,3,4,47600,7,4,"Senior",5,"No","Medio"
"S02451",21,"Male",2.85,1529,822,3.63,"Mathematics",0,1,1,4,4,5,46700,8,3,"Entry",10,"No","Medio"
"S02453",23,"Male",3.12,1499,943,2.69,"Medicine",1,2,2,9,3,1,33500,7,3,"Entry",4,"Yes","Medio"
"S02455",27,"Female",2.31,931,399,2,"Mathematics",2,9,4,9,6,0,25000,10,4,"Entry",2,"No","Bajo"
"S02457",22,"Female",2.37,1475,987,3.1,"Medicine",0,9,4,10,2,4,56600,7,4,"Mid",7,"No","Medio"
"S02460",27,"Male",3.42,1241,641,3.12,"Mathematics",4,3,3,9,9,4,63400,8,5,"Mid",4,"No","Alto"
"S02462",24,"Female",2.82,1130,451,3.22,"Medicine",0,6,1,5,10,1,34700,3,4,"Mid",5,"No","Medio"
"S02466",25,"Female",3.26,1434,551,3.83,"Mathematics",1,5,4,7,7,2,43100,5,3,"Entry",10,"No","Medio"
"S02477",25,"Female",2.6,1550,907,3.57,"Mathematics",2,7,0,7,10,5,25000,7,3,"Entry",9,"No","Bajo"
"S02479",18,"Female",3.59,1497,29,3.37,"Mathematics",1,0,3,1,5,1,34800,6,2,"Mid",9,"No","Medio"
"S02482",21,"Male",3,953,397,3.94,"Mathematics",0,5,4,9,9,5,44400,6,5,"Entry",9,"Yes","Medio"
"S02494",21,"Female",2.26,1393,101,2.58,"Mathematics",3,3,3,7,6,2,56900,2,5,"Senior",8,"No","Medio"
"S02509",24,"Female",3.55,1005,50,2.75,"Mathematics",4,9,1,7,9,2,44900,4,5,"Mid",3,"No","Medio"
"S02510",27,"Male",3.19,1482,868,3.53,"Medicine",2,5,2,4,8,0,62400,3,3,"Executive",6,"No","Alto"
"S02513",24,"Female",2.24,1176,158,3.59,"Medicine",3,6,1,7,5,1,41100,10,3,"Mid",6,"No","Medio"
"S02517",28,"Male",3.78,1405,77,3.81,"Medicine",1,9,0,7,2,2,75500,4,3,"Entry",1,"No","Alto"
"S02528",20,"Male",3.85,916,435,3.92,"Medicine",0,9,3,2,1,4,38900,2,1,"Mid",10,"Yes","Medio"
"S02533",24,"Female",2.73,1448,725,3.61,"Mathematics",2,8,4,5,9,4,53000,5,1,"Mid",3,"No","Medio"
"S02534",21,"Male",2.51,1481,533,2.59,"Mathematics",4,1,4,8,9,5,40700,8,3,"Entry",9,"No","Medio"
"S02536",22,"Female",3.93,1069,667,3.04,"Mathematics",0,5,4,2,5,0,43700,2,3,"Entry",9,"No","Medio"
"S02543",21,"Male",3.74,952,631,3.97,"Mathematics",1,9,5,7,1,1,49800,10,3,"Senior",9,"No","Medio"
"S02545",27,"Female",2.26,1264,165,3.42,"Mathematics",2,7,2,8,1,1,59900,5,2,"Mid",9,"No","Medio"
"S02547",19,"Male",3.17,1035,576,2.32,"Mathematics",1,9,1,2,8,0,56500,9,1,"Entry",7,"No","Medio"
"S02550",18,"Female",2.11,1456,484,3.45,"Mathematics",2,5,4,2,4,4,72900,8,2,"Entry",2,"No","Alto"
"S02554",21,"Female",3.59,1398,225,3.46,"Medicine",0,9,2,8,2,5,69900,1,3,"Entry",1,"No","Alto"
"S02556",20,"Female",3.11,1494,387,2.33,"Mathematics",4,2,2,7,8,5,70900,5,3,"Mid",5,"No","Alto"
"S02559",26,"Male",3.63,1065,864,2.15,"Mathematics",1,2,5,8,4,4,51500,2,1,"Entry",6,"Yes","Medio"
"S02562",25,"Female",2.68,1063,396,2.94,"Mathematics",1,1,5,3,4,4,41100,1,1,"Mid",2,"No","Medio"
"S02566",26,"Male",3.94,1539,443,2.57,"Mathematics",2,2,0,2,9,1,39100,9,1,"Mid",2,"Yes","Medio"
"S02567",21,"Female",2.08,1533,349,3.84,"Mathematics",0,6,4,10,1,2,59600,9,4,"Senior",7,"No","Medio"
"S02568",29,"Male",3.51,1597,969,2.85,"Mathematics",4,6,3,4,1,2,89900,4,2,"Senior",2,"No","Alto"
"S02570",29,"Female",2.74,1214,71,2.92,"Mathematics",2,9,1,1,4,4,34600,5,3,"Entry",4,"No","Medio"
"S02572",19,"Male",3.24,1138,438,2.45,"Medicine",1,1,2,1,2,2,47400,5,4,"Entry",1,"No","Medio"
"S02573",29,"Female",3.17,1123,2,3.37,"Mathematics",2,7,3,2,10,1,63100,10,3,"Mid",3,"No","Alto"
"S02579",20,"Male",2.2,1546,264,2.32,"Medicine",2,8,5,2,4,4,25000,9,5,"Mid",5,"No","Bajo"
"S02580",20,"Female",3.86,965,311,2.61,"Medicine",1,6,4,2,1,4,74400,4,3,"Entry",4,"No","Alto"
"S02581",22,"Male",2.75,1491,204,3.72,"Medicine",0,6,3,4,7,2,25100,2,3,"Mid",9,"No","Bajo"
"S02589",25,"Female",3.64,1286,167,2.68,"Medicine",1,7,1,9,1,1,52600,7,1,"Mid",6,"No","Medio"
"S02595",22,"Male",3.22,1010,703,3.25,"Mathematics",2,0,5,9,9,2,71300,9,2,"Mid",4,"Yes","Alto"
"S02605",25,"Male",3.22,1333,858,3.19,"Mathematics",1,0,5,5,6,1,42600,5,3,"Entry",2,"No","Medio"
"S02606",18,"Female",2.82,1258,199,3.18,"Mathematics",3,9,0,5,7,1,63600,10,3,"Entry",3,"No","Alto"
"S02610",21,"Male",2.46,1260,89,2.07,"Mathematics",4,8,4,7,3,3,60800,8,2,"Mid",4,"No","Alto"
"S02611",21,"Male",2.01,1484,607,3.62,"Medicine",2,9,1,8,2,1,61200,1,5,"Entry",1,"Yes","Alto"
"S02612",21,"Female",3.3,1018,221,2.26,"Medicine",2,3,1,4,3,2,50000,4,4,"Senior",8,"No","Medio"
"S02632",23,"Male",2.74,1435,323,3.91,"Medicine",4,4,1,8,3,0,47200,1,1,"Executive",10,"Yes","Medio"
"S02635",27,"Male",2.87,1239,784,2.16,"Mathematics",2,8,3,6,4,0,45100,6,1,"Entry",10,"No","Medio"
"S02636",24,"Female",2.38,1489,611,2.47,"Medicine",2,6,2,9,9,2,60400,9,1,"Mid",5,"Yes","Alto"
"S02637",27,"Female",3.81,1427,329,3.92,"Mathematics",2,5,5,10,3,5,79200,10,4,"Entry",5,"No","Alto"
"S02639",24,"Male",2.05,1315,339,2.8,"Mathematics",0,3,3,10,5,2,55200,10,1,"Entry",4,"No","Medio"
"S02642",22,"Male",3.32,1190,994,2.83,"Medicine",1,5,2,9,4,1,33300,8,2,"Entry",9,"No","Medio"
"S02647",19,"Male",2.12,907,257,2.35,"Mathematics",3,8,0,3,7,1,68500,5,1,"Entry",1,"Yes","Alto"
"S02649",21,"Female",2.45,1382,693,3.84,"Medicine",1,1,2,1,3,4,31900,9,5,"Entry",4,"Yes","Medio"
"S02650",18,"Female",4,941,430,3.02,"Mathematics",3,8,5,8,3,5,52900,3,1,"Entry",1,"No","Medio"
"S02654",28,"Female",2.16,915,673,3.94,"Medicine",4,0,2,1,1,3,39300,2,2,"Entry",1,"No","Medio"
"S02655",22,"Male",3.75,968,579,2.7,"Mathematics",2,9,2,4,6,3,53100,5,1,"Entry",4,"No","Medio"
"S02656",21,"Female",3.72,952,612,2.58,"Medicine",4,6,5,4,9,2,44300,8,5,"Entry",7,"Yes","Medio"
"S02658",22,"Male",3.4,1278,35,3.55,"Mathematics",2,2,4,7,9,5,82400,5,2,"Entry",10,"No","Alto"
"S02659",27,"Female",3.11,1362,975,2.91,"Medicine",3,7,1,1,6,3,37300,8,4,"Entry",2,"No","Medio"
"S02663",29,"Male",2.97,1160,580,2.33,"Mathematics",2,4,2,9,10,1,49800,5,4,"Mid",2,"No","Medio"
"S02668",21,"Male",3.15,1006,825,2.97,"Medicine",0,2,2,2,2,3,54400,4,5,"Senior",1,"Yes","Medio"
"S02672",27,"Male",3.89,1208,424,2.98,"Mathematics",0,8,4,9,1,0,43700,2,5,"Mid",1,"No","Medio"
"S02673",18,"Female",2.49,1488,501,3.04,"Mathematics",2,6,4,6,6,3,52100,2,2,"Mid",9,"No","Medio"
"S02674",26,"Female",3.34,1504,286,2.4,"Medicine",4,2,0,9,9,1,38700,2,2,"Entry",3,"No","Medio"
"S02676",25,"Female",2.9,1073,7,2.45,"Mathematics",3,9,3,1,9,5,58100,8,1,"Mid",3,"No","Medio"
"S02678",26,"Male",3.47,1253,892,2.31,"Medicine",2,8,3,4,10,3,59600,5,1,"Entry",3,"Yes","Medio"
"S02679",18,"Female",2.92,1118,199,3.07,"Medicine",2,8,4,9,1,0,46200,7,1,"Mid",10,"Yes","Medio"
"S02683",27,"Other",3.76,1181,937,2.11,"Medicine",4,8,1,3,4,0,28400,7,4,"Senior",7,"No","Bajo"
"S02685",27,"Male",2.6,1458,662,3.28,"Mathematics",2,1,4,7,2,0,53700,6,5,"Executive",7,"No","Medio"
"S02688",22,"Female",2.09,1495,219,3.73,"Medicine",0,7,2,9,9,3,59300,7,5,"Senior",3,"No","Medio"
"S02689",29,"Female",3.74,1544,518,2.34,"Medicine",2,5,3,7,10,5,49400,5,4,"Mid",7,"Yes","Medio"
"S02701",25,"Female",3.07,1431,759,2.37,"Medicine",0,9,3,6,2,1,42300,1,2,"Mid",9,"No","Medio"
"S02702",20,"Male",2.28,1382,866,2.46,"Mathematics",2,0,4,8,9,5,60900,6,2,"Entry",3,"No","Alto"
"S02706",24,"Other",3.9,997,523,2.23,"Mathematics",0,8,1,2,8,0,43700,5,2,"Entry",2,"No","Medio"
"S02712",28,"Female",3.35,1127,504,2.25,"Medicine",2,6,3,10,6,0,25500,5,2,"Entry",8,"No","Bajo"
"S02717",25,"Male",3.34,1061,981,2.56,"Medicine",2,3,5,3,9,1,49600,2,4,"Entry",1,"No","Medio"
"S02724",21,"Male",2.97,1345,869,3.76,"Mathematics",2,7,3,2,6,4,57100,4,2,"Entry",2,"No","Medio"
"S02733",27,"Female",2.83,1415,655,3.26,"Medicine",1,3,4,5,1,1,68100,5,1,"Entry",6,"No","Alto"
"S02734",22,"Male",3.46,1476,838,2.7,"Medicine",3,8,4,8,6,3,41600,4,5,"Mid",3,"No","Medio"
"S02740",29,"Female",3.55,1224,377,2.83,"Mathematics",0,0,0,9,6,3,34800,9,3,"Senior",4,"No","Medio"
"S02741",18,"Female",3.15,1522,313,2.72,"Mathematics",3,7,2,1,8,1,46300,4,3,"Senior",2,"No","Medio"
"S02743",25,"Male",3.85,1374,320,3.79,"Mathematics",4,7,0,10,6,0,62000,10,2,"Mid",1,"Yes","Alto"
"S02744",26,"Male",3.42,1564,204,2.3,"Mathematics",2,0,5,3,10,4,59200,8,2,"Entry",2,"Yes","Medio"
"S02746",19,"Female",3.43,1116,294,3.78,"Medicine",2,8,0,9,2,5,30300,4,4,"Senior",5,"No","Medio"
"S02748",20,"Female",2.77,1303,145,3.59,"Mathematics",1,6,0,8,4,1,37200,10,3,"Mid",8,"No","Medio"
"S02752",26,"Female",2.27,1285,779,3.84,"Mathematics",3,9,0,10,4,2,59500,10,5,"Senior",8,"No","Medio"
"S02753",26,"Female",3.31,1107,576,3.42,"Medicine",2,4,1,6,1,4,54500,3,5,"Entry",9,"No","Medio"
"S02754",26,"Male",3.6,1056,39,3.57,"Mathematics",4,9,0,7,1,5,25000,6,5,"Entry",8,"No","Bajo"
"S02759",22,"Female",2.33,1364,925,2.06,"Medicine",3,1,2,9,2,1,45400,8,5,"Senior",7,"No","Medio"
"S02760",21,"Female",3.44,1031,45,3.88,"Mathematics",4,9,0,1,7,3,62200,5,4,"Senior",9,"Yes","Alto"
"S02767",29,"Female",2.1,1418,923,2.77,"Medicine",2,5,5,2,10,3,55700,5,5,"Mid",10,"No","Medio"
"S02773",19,"Male",2.74,1140,985,2.03,"Mathematics",1,4,2,7,9,1,70000,10,5,"Mid",9,"No","Alto"
"S02775",26,"Male",2.6,1290,620,3.1,"Medicine",0,8,1,7,7,0,36100,8,3,"Senior",9,"No","Medio"
"S02776",26,"Male",3.06,1001,406,3.3,"Medicine",4,2,0,3,9,1,86200,8,3,"Senior",6,"No","Alto"
"S02782",19,"Other",2.66,1444,83,3.23,"Medicine",0,2,2,9,9,3,64200,9,1,"Entry",3,"No","Alto"
"S02787",29,"Female",3.81,1372,70,3.99,"Mathematics",2,9,5,6,8,4,41800,3,1,"Mid",7,"No","Medio"
"S02789",18,"Female",2.9,1248,6,2.82,"Mathematics",1,3,0,4,5,4,45500,9,5,"Mid",8,"No","Medio"
"S02790",25,"Male",3.29,1082,796,3.12,"Medicine",4,9,5,6,1,0,46600,7,3,"Entry",6,"Yes","Medio"
"S02791",22,"Male",3.91,1067,195,2.83,"Mathematics",4,4,0,7,7,4,25000,1,1,"Senior",9,"No","Bajo"
"S02794",24,"Female",2.66,1370,13,3.65,"Medicine",3,9,1,2,9,4,56400,1,3,"Mid",10,"Yes","Medio"
"S02796",18,"Female",2.63,1389,205,3.65,"Medicine",3,4,5,9,7,4,71200,2,1,"Entry",7,"No","Alto"
"S02798",26,"Female",3.65,1002,765,3.71,"Mathematics",0,1,1,7,8,5,29600,7,4,"Entry",10,"Yes","Bajo"
"S02807",28,"Female",3.58,1517,909,3.42,"Medicine",4,6,0,8,6,0,50200,4,5,"Entry",1,"No","Medio"
"S02811",26,"Other",3.28,1225,793,3.59,"Mathematics",1,7,3,2,7,2,43000,5,3,"Mid",2,"No","Medio"
"S02813",29,"Female",2.06,996,634,3.46,"Medicine",2,9,4,2,8,3,66900,10,3,"Entry",10,"No","Alto"
"S02814",19,"Female",2.87,1007,78,2.76,"Mathematics",1,5,4,4,4,5,52000,9,3,"Executive",5,"No","Medio"
"S02816",22,"Female",3.75,1050,839,3.68,"Mathematics",2,9,0,10,10,4,33000,6,3,"Entry",2,"No","Medio"
"S02817",21,"Female",3.86,973,600,2.07,"Medicine",1,8,5,10,3,4,47300,9,5,"Entry",5,"No","Medio"
"S02818",28,"Other",3.06,956,625,3.95,"Mathematics",3,2,1,5,3,4,49200,8,3,"Entry",8,"No","Medio"
"S02825",28,"Female",2.04,1364,425,2.47,"Mathematics",0,8,1,4,3,0,25100,8,5,"Entry",2,"No","Bajo"
"S02826",22,"Female",3.44,933,387,3.44,"Medicine",0,4,1,6,1,3,64500,4,4,"Mid",10,"No","Alto"
"S02828",25,"Male",2.8,1225,858,3.3,"Mathematics",3,1,2,9,8,5,25000,5,3,"Entry",2,"No","Bajo"
"S02833",24,"Female",2.65,1365,139,3.27,"Mathematics",2,6,5,10,5,5,43700,10,1,"Entry",5,"No","Medio"
"S02834",29,"Male",3.36,1203,997,3.15,"Medicine",0,3,2,9,8,0,75500,10,1,"Entry",4,"No","Alto"
"S02838",27,"Female",3.8,1380,505,2.03,"Mathematics",4,3,2,9,6,4,61000,6,2,"Entry",10,"No","Alto"
"S02840",25,"Female",3.97,1302,182,3.65,"Medicine",4,5,4,7,5,4,32100,4,2,"Entry",1,"No","Medio"
"S02843",22,"Male",2.43,1132,634,3.54,"Mathematics",3,9,1,8,9,5,46800,1,4,"Entry",10,"No","Medio"
"S02847",25,"Female",2.94,1278,928,2.32,"Mathematics",3,0,3,1,4,0,56200,1,3,"Entry",2,"No","Medio"
"S02853",27,"Male",2.74,1384,59,3.31,"Mathematics",4,9,1,10,6,0,38500,1,2,"Entry",8,"Yes","Medio"
"S02857",28,"Female",3.89,1595,245,2.88,"Mathematics",3,8,3,4,4,0,67600,4,3,"Entry",3,"No","Alto"
"S02861",21,"Male",2.5,1074,16,3.83,"Mathematics",2,2,3,5,6,0,46400,5,3,"Mid",9,"Yes","Medio"
"S02872",22,"Female",3.44,1188,354,3.84,"Mathematics",4,4,4,5,10,4,47100,5,5,"Senior",3,"No","Medio"
"S02875",28,"Female",3.88,1073,326,2.93,"Mathematics",0,2,3,7,4,5,58900,5,2,"Entry",3,"No","Medio"
"S02884",21,"Other",3.17,926,536,3.71,"Mathematics",2,8,0,2,5,1,43100,4,2,"Mid",8,"No","Medio"
"S02887",25,"Female",2.18,1546,99,2.49,"Mathematics",0,3,5,8,5,3,67600,4,1,"Entry",9,"Yes","Alto"
"S02888",23,"Male",3.33,1101,397,3.75,"Medicine",1,3,5,2,7,2,36300,10,4,"Entry",8,"No","Medio"
"S02890",27,"Male",3.28,1490,171,2.92,"Medicine",3,7,4,1,10,3,70900,5,1,"Mid",7,"Yes","Alto"
"S02893",22,"Female",2.41,907,112,3.94,"Mathematics",1,3,0,8,7,3,52500,10,1,"Mid",3,"No","Medio"
"S02895",25,"Female",2.26,1238,68,2.38,"Mathematics",2,7,4,7,9,3,70000,7,4,"Entry",3,"No","Alto"
"S02898",27,"Female",2.65,1447,729,3.88,"Mathematics",2,2,4,2,9,3,44100,6,2,"Senior",8,"No","Medio"
"S02902",26,"Male",2.78,949,657,2.98,"Medicine",2,5,1,9,8,2,61000,3,1,"Mid",6,"No","Alto"
"S02904",18,"Female",3.51,1045,545,2.99,"Medicine",2,4,0,7,4,1,54300,5,5,"Entry",7,"No","Medio"
"S02905",24,"Male",3.8,1129,286,2.82,"Mathematics",1,0,0,5,7,3,83000,7,4,"Entry",1,"No","Alto"
"S02907",21,"Male",3.55,1205,118,2.02,"Mathematics",2,1,5,6,3,0,55500,5,2,"Mid",10,"No","Medio"
"S02909",25,"Male",2.05,1360,230,3.25,"Mathematics",3,6,3,1,2,1,25000,10,5,"Entry",6,"No","Bajo"
"S02912",24,"Male",3.42,958,761,3.08,"Mathematics",4,2,3,1,9,3,62500,2,4,"Entry",6,"No","Alto"
"S02916",25,"Female",2.5,1397,552,3.3,"Mathematics",2,4,4,9,3,4,44800,9,4,"Entry",3,"Yes","Medio"
"S02918",19,"Male",3.34,1204,152,2.16,"Mathematics",0,7,3,1,8,1,33700,5,4,"Mid",1,"No","Medio"
"S02922",20,"Female",2.8,1176,351,3.78,"Medicine",1,1,3,3,2,3,35200,6,5,"Senior",8,"No","Medio"
"S02924",20,"Male",3.83,1043,285,3.9,"Mathematics",0,7,5,7,2,0,36900,10,1,"Entry",7,"Yes","Medio"
"S02926",25,"Female",2.85,1590,218,3.99,"Mathematics",0,9,4,10,4,1,39900,7,5,"Entry",3,"Yes","Medio"
"S02928",27,"Other",3.89,956,732,3.13,"Medicine",1,1,3,1,10,2,25000,1,3,"Mid",7,"No","Bajo"
"S02929",23,"Female",2.53,1265,145,3.03,"Mathematics",2,4,4,3,8,2,75300,9,3,"Entry",8,"No","Alto"
"S02932",20,"Female",3.22,1361,754,3.29,"Mathematics",4,6,3,8,7,2,77600,9,5,"Mid",8,"No","Alto"
"S02941",28,"Female",2.46,966,495,3.03,"Medicine",4,6,0,8,9,2,65400,1,2,"Entry",9,"No","Alto"
"S02942",29,"Male",3.75,1229,615,2.04,"Mathematics",3,1,2,3,6,2,42100,9,5,"Mid",8,"No","Medio"
"S02949",18,"Female",2.72,1044,978,3.76,"Medicine",1,3,5,8,6,1,84700,8,5,"Entry",4,"No","Alto"
"S02950",23,"Male",3.7,1085,315,3.21,"Mathematics",4,1,3,9,3,0,60500,8,2,"Entry",7,"No","Alto"
"S02955",29,"Male",2.66,1415,345,2.47,"Mathematics",3,3,1,6,3,5,50300,9,1,"Mid",3,"No","Medio"
"S02961",26,"Male",2.55,1594,884,2.84,"Mathematics",2,0,3,5,9,4,45900,7,1,"Mid",1,"No","Medio"
"S02962",21,"Female",2.61,1092,75,2.77,"Mathematics",0,2,5,7,6,2,26800,10,3,"Mid",9,"No","Bajo"
"S02964",19,"Other",2.88,1274,931,3.54,"Mathematics",1,4,0,5,2,2,47300,9,3,"Entry",8,"No","Medio"
"S02973",22,"Male",3.13,1337,582,2.67,"Medicine",2,3,5,2,4,2,25000,9,2,"Entry",6,"Yes","Bajo"
"S02975",27,"Female",2.28,1207,708,2.04,"Mathematics",0,1,1,1,8,2,41900,5,1,"Entry",8,"No","Medio"
"S02978",20,"Male",3.21,1214,382,2.68,"Medicine",1,9,0,5,8,1,54000,8,5,"Entry",8,"No","Medio"
"S02983",22,"Female",3.93,1148,387,3.21,"Medicine",3,1,2,9,4,3,25000,9,4,"Entry",5,"Yes","Bajo"
"S02984",27,"Female",2.02,1530,535,3.63,"Mathematics",2,5,3,10,5,5,25000,9,5,"Mid",7,"No","Bajo"
"S02992",19,"Male",2.64,971,988,3.59,"Medicine",4,7,0,6,4,2,25000,5,2,"Senior",7,"Yes","Bajo"
"S02996",26,"Female",2.02,951,861,3.88,"Mathematics",2,3,2,3,4,2,71300,10,2,"Entry",2,"No","Alto"
"S02997",21,"Male",2.92,1473,456,3.43,"Mathematics",4,3,0,3,5,4,44900,3,5,"Mid",10,"Yes","Medio"
"S02999",26,"Female",3.33,1163,53,3.81,"Medicine",2,9,5,3,5,0,60800,4,1,"Mid",7,"No","Alto"
"S03000",23,"Male",2.43,1138,496,3.35,"Medicine",3,9,2,7,10,1,56900,2,1,"Mid",3,"Yes","Medio"
"S03004",26,"Female",2.23,1208,777,2.85,"Medicine",1,1,4,2,5,3,65800,7,1,"Mid",9,"No","Alto"
"S03005",21,"Male",2.05,1506,4,3.42,"Mathematics",2,5,1,1,8,5,41800,8,4,"Senior",10,"No","Medio"
"S03007",26,"Male",3.91,956,281,3.95,"Medicine",3,8,2,7,6,2,62300,3,3,"Entry",1,"No","Alto"
"S03010",25,"Female",2.14,945,137,2.84,"Mathematics",3,6,5,1,4,4,25700,2,3,"Entry",5,"No","Bajo"
"S03013",23,"Female",2.93,1268,971,3.76,"Mathematics",1,2,1,3,3,5,65800,9,1,"Mid",8,"No","Alto"
"S03014",29,"Male",3.9,1504,653,2.72,"Medicine",0,2,0,7,7,1,39200,9,2,"Entry",9,"No","Medio"
"S03017",24,"Female",3.2,1460,208,3.56,"Mathematics",4,2,5,2,4,2,72500,3,3,"Mid",7,"No","Alto"
"S03018",29,"Female",2.91,922,260,2.37,"Mathematics",1,9,1,10,9,3,48100,8,3,"Mid",3,"No","Medio"
"S03020",27,"Male",3.89,1166,263,2.9,"Medicine",0,8,5,2,4,2,32000,10,3,"Mid",3,"No","Medio"
"S03022",27,"Female",3.16,1499,505,3.97,"Medicine",3,5,3,5,5,4,46500,2,3,"Entry",10,"No","Medio"
"S03023",26,"Female",2.46,1500,550,3.67,"Medicine",0,5,0,5,8,2,47000,3,2,"Entry",8,"No","Medio"
"S03025",29,"Male",3.89,1052,736,3.76,"Medicine",0,1,0,6,9,4,45000,1,3,"Mid",4,"No","Medio"
"S03026",26,"Male",2.63,1138,347,2.7,"Mathematics",3,6,4,3,5,4,37500,4,1,"Entry",4,"No","Medio"
"S03027",21,"Female",2.89,1164,990,3.57,"Medicine",4,0,4,10,6,0,43700,6,4,"Entry",7,"No","Medio"
"S03028",25,"Male",2.23,1167,52,2.45,"Medicine",2,5,0,5,7,0,46700,9,2,"Mid",3,"No","Medio"
"S03030",21,"Male",2.06,1065,356,2.91,"Medicine",2,2,5,4,7,1,25800,10,4,"Executive",1,"Yes","Bajo"
"S03034",26,"Female",3.46,1330,45,3.5,"Mathematics",2,0,3,8,1,0,56800,9,2,"Entry",2,"No","Medio"
"S03036",21,"Female",3.13,949,378,3.32,"Medicine",0,6,2,10,1,0,57300,8,5,"Entry",7,"Yes","Medio"
"S03042",19,"Female",2.34,1208,797,3.88,"Mathematics",1,8,1,2,10,4,54900,10,2,"Mid",2,"No","Medio"
"S03044",28,"Female",3.74,1044,37,3.22,"Medicine",0,8,4,1,7,1,51400,10,1,"Mid",2,"No","Medio"
"S03046",25,"Male",3.9,1013,45,2.67,"Mathematics",2,8,2,8,1,1,29900,1,3,"Mid",3,"No","Bajo"
"S03050",27,"Female",3.73,1023,652,3.74,"Medicine",2,2,4,2,6,5,25000,3,1,"Entry",1,"No","Bajo"
"S03052",25,"Female",2.01,1481,301,2.91,"Medicine",2,7,3,4,1,0,72600,7,1,"Mid",9,"Yes","Alto"
"S03057",19,"Female",2.22,1029,791,2.89,"Mathematics",3,8,3,9,2,4,60900,10,5,"Mid",1,"No","Alto"
"S03062",22,"Male",2.86,1531,581,3.49,"Medicine",3,2,1,10,1,0,47300,8,1,"Entry",8,"Yes","Medio"
"S03070",26,"Female",3.84,986,976,3.64,"Medicine",0,5,5,3,9,3,52500,10,5,"Senior",10,"No","Medio"
"S03071",26,"Female",3.87,1284,863,3.1,"Mathematics",3,6,2,9,3,2,67100,2,5,"Entry",4,"No","Alto"
"S03072",18,"Male",2.48,1568,71,3.77,"Mathematics",3,9,2,9,1,4,45600,1,5,"Entry",5,"No","Medio"
"S03077",26,"Female",3.49,1085,615,2.05,"Mathematics",0,6,2,7,4,1,48700,9,5,"Mid",5,"No","Medio"
"S03079",23,"Other",2.46,1082,393,2.88,"Mathematics",3,6,1,7,6,4,48200,4,1,"Mid",1,"Yes","Medio"
"S03080",24,"Female",2.4,1296,631,2.47,"Medicine",3,0,0,6,1,5,76100,7,1,"Entry",6,"No","Alto"
"S03087",28,"Female",2.09,1454,605,3.4,"Medicine",2,7,3,9,8,3,57900,9,1,"Entry",3,"No","Medio"
"S03092",18,"Male",2.34,1599,949,2.18,"Mathematics",0,7,2,5,3,4,53100,3,2,"Mid",4,"No","Medio"
"S03093",19,"Female",3.31,1381,17,3.55,"Mathematics",3,3,1,3,10,1,71400,8,1,"Mid",1,"No","Alto"
"S03095",23,"Other",3.58,1073,574,3.34,"Mathematics",1,1,5,1,8,5,37400,6,5,"Mid",1,"No","Medio"
"S03096",19,"Male",2.51,1340,434,2.66,"Medicine",0,3,3,7,6,3,62300,3,5,"Entry",4,"No","Alto"
"S03097",18,"Female",3.53,1465,43,2.82,"Mathematics",3,8,5,2,3,4,65300,7,4,"Mid",3,"No","Alto"
"S03101",19,"Female",2.29,1094,203,3.99,"Medicine",0,8,2,5,9,0,67300,9,5,"Senior",2,"No","Alto"
"S03102",23,"Female",2.91,1308,726,2.98,"Medicine",2,8,3,9,6,3,30300,3,2,"Entry",10,"No","Medio"
"S03104",19,"Female",2.84,1246,968,3.01,"Mathematics",2,1,3,3,9,4,47000,6,2,"Entry",8,"No","Medio"
"S03105",27,"Male",3.68,1361,284,2.08,"Medicine",2,6,4,4,7,4,78400,1,5,"Mid",1,"No","Alto"
"S03111",25,"Male",2.24,1387,751,3.99,"Mathematics",3,5,1,6,2,1,48600,6,3,"Senior",3,"No","Medio"
"S03112",25,"Male",2.83,1448,118,2.56,"Medicine",4,7,0,7,6,2,31700,1,5,"Mid",10,"Yes","Medio"
"S03117",20,"Male",3.85,1243,281,4,"Mathematics",4,1,4,4,7,5,35800,6,1,"Mid",4,"No","Medio"
"S03119",18,"Female",3.52,1231,19,2.41,"Mathematics",4,7,3,9,9,5,26900,5,3,"Senior",7,"No","Bajo"
"S03123",27,"Male",3.88,1279,801,2,"Medicine",0,3,0,10,9,3,59100,6,3,"Entry",1,"No","Medio"
"S03133",28,"Female",3.96,1253,815,2.19,"Medicine",1,2,3,5,1,4,44200,5,1,"Entry",6,"No","Medio"
"S03138",27,"Male",3.86,1285,951,3.38,"Medicine",1,9,3,7,10,5,72300,6,4,"Mid",9,"No","Alto"
"S03140",19,"Female",3.57,1392,844,3.71,"Medicine",2,6,4,5,5,3,46100,4,1,"Executive",8,"No","Medio"
"S03144",25,"Male",2.89,1235,456,2.71,"Medicine",0,8,4,6,6,4,51400,8,2,"Entry",2,"No","Medio"
"S03147",27,"Other",3.79,1438,402,2.27,"Mathematics",0,3,3,5,4,2,66800,9,1,"Mid",5,"No","Alto"
"S03148",21,"Female",2.83,1413,896,2.63,"Medicine",3,6,3,10,4,0,45900,3,5,"Senior",4,"No","Medio"
"S03159",22,"Male",3.81,1372,181,2.87,"Medicine",2,2,5,1,3,5,36300,3,1,"Entry",2,"No","Medio"
"S03164",27,"Male",2.67,1513,904,3.46,"Mathematics",2,8,0,10,1,0,79600,7,5,"Entry",3,"No","Alto"
"S03166",25,"Male",2.06,1481,399,2.42,"Mathematics",3,4,0,1,6,0,62200,1,5,"Mid",2,"Yes","Alto"
"S03170",21,"Female",3.72,1246,953,3.97,"Mathematics",4,2,3,3,2,3,53600,9,2,"Entry",1,"No","Medio"
"S03179",29,"Female",2.63,1011,531,2.69,"Medicine",1,4,5,9,4,5,37100,3,4,"Senior",10,"No","Medio"
"S03180",21,"Male",3.66,1047,996,3.94,"Medicine",4,0,2,5,10,2,54600,9,4,"Mid",5,"Yes","Medio"
"S03184",24,"Male",3.15,955,863,2.81,"Medicine",0,2,3,3,6,3,47300,9,2,"Senior",7,"Yes","Medio"
"S03187",28,"Female",2.69,953,972,2.56,"Medicine",4,2,2,4,8,4,58400,5,4,"Entry",1,"No","Medio"
"S03190",25,"Female",2.97,1407,912,3.75,"Mathematics",2,2,3,1,4,0,45000,5,3,"Entry",10,"No","Medio"
"S03197",22,"Male",2.11,1395,91,2.39,"Medicine",0,1,4,9,5,0,47600,9,4,"Mid",8,"No","Medio"
"S03202",23,"Male",3.77,1460,621,3.57,"Mathematics",1,1,4,10,10,4,46800,3,5,"Entry",1,"Yes","Medio"
"S03206",29,"Female",3.68,1109,43,2.15,"Mathematics",2,7,1,4,2,5,28000,6,1,"Entry",7,"No","Bajo"
"S03208",24,"Female",2.32,1464,600,2.79,"Medicine",2,9,2,8,8,3,37100,10,5,"Senior",10,"No","Medio"
"S03216",23,"Male",3.26,1356,604,3.11,"Mathematics",2,7,2,9,7,4,33300,7,1,"Senior",4,"No","Medio"
"S03220",28,"Male",3.71,1414,771,2.44,"Mathematics",4,2,4,9,5,3,63000,6,3,"Entry",1,"No","Alto"
"S03221",22,"Male",3.37,1467,633,3.1,"Mathematics",2,5,1,3,6,4,31000,10,2,"Entry",10,"No","Medio"
"S03222",26,"Male",2.04,1308,77,3.81,"Medicine",4,0,5,4,8,1,36300,6,2,"Senior",8,"No","Medio"
"S03231",20,"Female",3.94,1098,823,3.16,"Medicine",4,3,4,4,3,4,75300,7,4,"Senior",7,"No","Alto"
"S03235",23,"Male",2.79,1292,950,3.65,"Medicine",0,6,0,7,5,0,66900,1,3,"Entry",1,"Yes","Alto"
"S03236",19,"Male",3.7,1465,187,2.69,"Medicine",2,3,0,9,10,4,35500,3,3,"Senior",4,"No","Medio"
"S03243",19,"Other",3.62,1165,92,2.44,"Medicine",2,5,0,2,8,0,25000,2,3,"Entry",7,"No","Bajo"
"S03248",25,"Female",3.89,1545,611,2,"Mathematics",4,1,2,2,9,1,54500,3,2,"Mid",2,"No","Medio"
"S03257",25,"Male",3.72,1083,264,2.49,"Mathematics",4,9,1,10,3,5,45400,2,4,"Entry",2,"No","Medio"
"S03262",21,"Male",2.51,1481,803,3.7,"Mathematics",2,8,5,6,2,2,38600,7,4,"Entry",6,"No","Medio"
"S03264",26,"Female",2.86,1182,701,3.97,"Mathematics",4,2,3,10,9,4,49200,8,1,"Mid",5,"No","Medio"
"S03269",26,"Male",2.2,954,706,3.27,"Medicine",4,4,5,10,8,1,60500,8,5,"Entry",2,"No","Alto"
"S03277",20,"Female",3.29,1075,920,2.02,"Mathematics",0,3,0,10,1,1,68400,5,2,"Senior",7,"No","Alto"
"S03278",18,"Male",3.83,1465,561,3.09,"Medicine",2,4,4,2,7,4,52800,8,2,"Senior",5,"No","Medio"
"S03287",23,"Male",2.83,1484,75,2.89,"Mathematics",2,2,4,8,7,1,44000,5,4,"Entry",5,"Yes","Medio"
"S03288",26,"Male",2.09,1496,98,3.52,"Mathematics",0,2,3,5,9,5,32600,10,2,"Entry",5,"Yes","Medio"
"S03289",21,"Male",3.57,1183,383,3.42,"Mathematics",0,4,4,10,10,4,29500,10,1,"Senior",6,"Yes","Bajo"
"S03293",24,"Male",2.67,1035,285,2.26,"Mathematics",2,2,1,2,5,1,40700,9,2,"Executive",2,"No","Medio"
"S03295",20,"Female",3.75,1472,830,2.52,"Mathematics",4,0,4,1,6,0,36700,1,1,"Entry",6,"No","Medio"
"S03297",27,"Male",3.03,933,629,3.91,"Medicine",2,7,0,2,5,4,25000,9,3,"Mid",1,"No","Bajo"
"S03301",20,"Female",2.77,1198,618,3.46,"Medicine",2,2,0,9,3,5,58800,6,4,"Entry",2,"No","Medio"
"S03303",22,"Male",3.9,993,896,2.65,"Medicine",0,6,2,4,4,3,40900,9,3,"Mid",5,"No","Medio"
"S03307",29,"Male",2.7,1282,688,2.02,"Mathematics",1,4,4,10,7,2,76000,2,3,"Entry",8,"No","Alto"
"S03309",24,"Female",2.07,1346,955,2.57,"Medicine",3,8,5,5,7,2,38100,8,1,"Entry",6,"No","Medio"
"S03323",25,"Female",2.13,1163,74,2.95,"Mathematics",4,5,3,10,9,0,53400,2,3,"Entry",10,"Yes","Medio"
"S03325",21,"Female",2.23,1596,123,3.31,"Medicine",0,0,5,5,6,3,56100,3,1,"Entry",1,"No","Medio"
"S03330",28,"Female",2.84,994,430,2.32,"Medicine",0,9,5,1,1,2,64500,8,1,"Mid",3,"No","Alto"
"S03333",26,"Female",3.43,1041,371,3.5,"Mathematics",1,9,4,9,8,5,63300,3,1,"Mid",4,"No","Alto"
"S03337",23,"Female",3.23,1570,36,3.69,"Mathematics",4,0,3,7,10,3,51700,4,1,"Mid",8,"No","Medio"
"S03339",23,"Male",2.96,1438,974,3.48,"Mathematics",3,0,3,10,9,5,62000,1,1,"Entry",6,"No","Alto"
"S03340",26,"Male",2.8,1496,415,3.56,"Medicine",3,3,1,7,9,1,75000,8,4,"Entry",6,"No","Alto"
"S03341",20,"Female",3.97,908,974,2.79,"Mathematics",2,4,0,10,1,4,54000,7,4,"Entry",1,"No","Medio"
"S03342",20,"Female",3.64,1175,296,2.77,"Mathematics",2,9,3,10,3,0,83200,7,1,"Entry",10,"No","Alto"
"S03347",29,"Female",2.7,1332,619,2.38,"Mathematics",0,9,0,1,2,1,45800,8,3,"Mid",9,"No","Medio"
"S03352",29,"Female",3.16,1478,972,3.25,"Mathematics",3,8,2,7,2,3,61800,10,2,"Entry",7,"No","Alto"
"S03355",29,"Male",3.78,1516,936,2.52,"Medicine",4,2,4,2,10,0,68200,3,5,"Entry",10,"No","Alto"
"S03356",20,"Male",3.22,1350,3,3.7,"Mathematics",0,8,3,9,7,1,60900,6,4,"Entry",7,"No","Alto"
"S03359",23,"Male",2.74,1063,799,3.12,"Mathematics",1,9,1,2,6,3,58400,2,1,"Entry",8,"No","Medio"
"S03363",18,"Male",3.26,1082,246,3.22,"Medicine",3,9,2,5,8,1,50700,8,3,"Entry",3,"Yes","Medio"
"S03364",26,"Female",3.59,1209,589,2.71,"Mathematics",0,9,1,4,8,0,34900,5,2,"Entry",8,"No","Medio"
"S03369",28,"Male",3.38,1239,783,3.26,"Mathematics",3,5,1,1,9,3,49400,1,1,"Mid",2,"No","Medio"
"S03370",22,"Male",2.04,1418,533,2.9,"Mathematics",1,1,3,5,10,3,60600,9,3,"Mid",1,"Yes","Alto"
"S03376",28,"Female",2.44,1047,141,3.53,"Mathematics",0,5,3,5,3,1,64100,7,1,"Entry",4,"No","Alto"
"S03377",21,"Female",2.62,1465,975,3.15,"Mathematics",0,0,2,4,3,5,68500,9,4,"Mid",1,"Yes","Alto"
"S03378",29,"Male",3.23,978,947,3.65,"Medicine",1,9,0,9,9,5,52900,7,4,"Mid",3,"No","Medio"
"S03381",26,"Female",2.33,1148,480,3.22,"Mathematics",2,3,3,9,4,0,46200,5,5,"Mid",9,"No","Medio"
"S03383",26,"Female",3.01,1441,350,3.39,"Medicine",1,0,5,9,5,3,57000,1,3,"Entry",1,"No","Medio"
"S03384",25,"Male",2.54,923,570,3.46,"Medicine",4,3,3,8,3,2,63700,2,2,"Senior",5,"No","Alto"
"S03386",18,"Male",2.93,1100,130,2.19,"Mathematics",4,3,0,7,3,5,55500,10,1,"Executive",7,"No","Medio"
"S03388",20,"Male",3.46,1533,11,3.45,"Mathematics",1,9,2,9,4,2,58700,3,1,"Entry",6,"No","Medio"
"S03392",22,"Male",3.14,1203,944,3.03,"Mathematics",2,2,5,7,10,3,38200,10,2,"Entry",4,"No","Medio"
"S03398",18,"Male",3.85,1354,19,3.45,"Mathematics",0,9,2,8,10,5,43200,5,3,"Mid",3,"No","Medio"
"S03411",29,"Male",3.71,1591,487,3.32,"Mathematics",4,9,5,2,9,3,52500,4,3,"Mid",4,"No","Medio"
"S03423",21,"Female",2.99,1184,815,2.82,"Medicine",4,6,5,8,6,5,31300,5,5,"Entry",8,"No","Medio"
"S03436",29,"Female",3.42,1400,640,2.34,"Mathematics",1,3,5,8,2,4,71300,6,5,"Senior",4,"No","Alto"
"S03438",25,"Male",3.29,1010,563,3.33,"Mathematics",0,3,0,3,3,1,79900,6,3,"Entry",1,"No","Alto"
"S03441",24,"Male",2.64,1332,500,2.13,"Mathematics",0,7,4,3,1,3,65000,10,4,"Senior",4,"Yes","Alto"
"S03442",26,"Male",2.88,1316,495,3.75,"Medicine",3,3,1,8,7,5,44700,7,5,"Entry",1,"No","Medio"
"S03445",24,"Male",3.63,917,622,3.76,"Mathematics",0,1,2,5,6,0,56200,8,1,"Entry",10,"No","Medio"
"S03452",29,"Female",3.72,1465,519,2.6,"Medicine",0,2,3,3,2,3,75200,10,1,"Entry",10,"Yes","Alto"
"S03455",28,"Male",2.8,1319,130,3.72,"Mathematics",3,9,5,5,4,0,46300,9,4,"Entry",2,"No","Medio"
"S03456",25,"Male",3.02,1465,529,3.27,"Medicine",0,2,2,3,7,0,57800,1,4,"Mid",3,"No","Medio"
"S03461",26,"Male",3.39,1136,982,3.07,"Mathematics",0,1,0,8,5,4,43600,5,1,"Mid",5,"No","Medio"
"S03467",25,"Other",2.51,1448,587,2.57,"Medicine",0,9,5,7,2,1,56100,5,2,"Entry",7,"No","Medio"
"S03468",18,"Male",2.1,1478,711,2.12,"Medicine",2,8,1,3,2,0,54000,3,5,"Mid",8,"No","Medio"
"S03469",23,"Female",2.02,1522,924,2.61,"Mathematics",4,3,5,7,3,4,42900,2,5,"Senior",4,"No","Medio"
"S03472",25,"Female",2.22,1280,361,3.18,"Mathematics",4,6,3,1,1,3,25000,8,1,"Entry",8,"No","Bajo"
"S03475",29,"Male",3.97,1310,451,2.21,"Medicine",3,7,5,10,9,5,44100,5,3,"Senior",2,"No","Medio"
"S03477",27,"Female",2.25,1424,563,3.25,"Medicine",1,7,5,9,9,4,25000,8,2,"Mid",9,"No","Bajo"
"S03479",22,"Other",3.72,1199,546,2.81,"Mathematics",3,2,2,7,3,0,58600,6,3,"Mid",5,"Yes","Medio"
"S03480",22,"Male",3.36,1307,955,3.08,"Mathematics",0,0,2,1,1,3,57600,3,5,"Mid",1,"No","Medio"
"S03481",18,"Male",2.59,1536,21,3.69,"Mathematics",3,8,1,8,5,3,63000,1,4,"Mid",5,"No","Alto"
"S03484",23,"Male",3.46,1537,576,3.43,"Medicine",4,8,2,2,3,2,35400,1,5,"Entry",1,"No","Medio"
"S03486",26,"Female",3.74,948,403,3.61,"Medicine",0,4,5,10,8,5,37300,10,5,"Mid",9,"Yes","Medio"
"S03488",22,"Female",3.16,1104,613,3.42,"Medicine",2,2,2,6,2,5,57900,8,5,"Entry",9,"No","Medio"
"S03490",26,"Female",3.28,1380,853,3.46,"Medicine",4,1,5,1,8,1,55700,8,2,"Senior",5,"No","Medio"
"S03493",22,"Male",3.98,1002,693,2.2,"Medicine",3,2,1,7,10,5,63400,7,3,"Entry",10,"No","Alto"
"S03499",24,"Male",2.27,1100,840,3.64,"Medicine",2,3,4,1,10,4,51400,3,3,"Entry",6,"Yes","Medio"
"S03508",25,"Male",2.1,1263,157,3.51,"Medicine",2,8,4,2,5,1,28000,9,1,"Entry",5,"No","Bajo"
"S03514",24,"Female",2.32,1215,670,3.47,"Mathematics",0,3,3,5,1,1,32200,6,1,"Mid",3,"No","Medio"
"S03518",25,"Female",2.44,1517,612,2.86,"Medicine",4,0,5,2,4,1,52800,9,2,"Entry",6,"No","Medio"
"S03519",26,"Female",3.51,1123,411,3.88,"Mathematics",2,2,0,3,1,2,31600,8,3,"Mid",10,"No","Medio"
"S03520",28,"Female",2.62,1161,946,3.98,"Medicine",3,2,5,2,4,3,27600,3,1,"Executive",6,"No","Bajo"
"S03522",24,"Female",3.31,1425,52,2.58,"Mathematics",1,3,5,2,8,2,44200,4,5,"Entry",10,"Yes","Medio"
"S03535",25,"Female",3.07,1181,674,3.53,"Mathematics",2,8,0,4,4,4,52000,3,4,"Entry",10,"No","Medio"
"S03538",18,"Female",3.56,1300,479,2.01,"Medicine",4,1,4,10,2,2,25600,3,5,"Entry",3,"No","Bajo"
"S03543",24,"Male",3.77,1169,597,2.82,"Medicine",1,4,0,7,1,5,54400,9,5,"Senior",1,"No","Medio"
"S03544",19,"Male",3.34,916,505,2.15,"Mathematics",0,3,1,7,2,5,30300,8,4,"Mid",4,"No","Medio"
"S03546",27,"Male",2.13,1381,319,3.58,"Medicine",2,4,2,7,8,1,25000,10,2,"Entry",7,"Yes","Bajo"
"S03547",19,"Male",3.81,1118,67,3.15,"Medicine",2,8,0,7,3,1,65200,2,4,"Mid",1,"No","Alto"
"S03549",28,"Female",2.63,1137,453,3.78,"Medicine",1,2,0,6,3,2,68200,10,5,"Senior",3,"No","Alto"
"S03550",27,"Male",3.95,1444,746,3.93,"Medicine",1,1,0,10,8,4,41600,7,3,"Entry",8,"Yes","Medio"
"S03570",29,"Female",3.26,1367,179,3.04,"Medicine",4,6,1,2,8,3,58600,2,4,"Entry",5,"No","Medio"
"S03572",28,"Male",2.8,1571,470,2.67,"Mathematics",2,4,2,10,8,4,52100,6,4,"Entry",9,"No","Medio"
"S03574",24,"Male",3.25,1075,344,2.14,"Mathematics",3,9,4,5,9,4,54600,5,3,"Entry",5,"No","Medio"
"S03575",27,"Female",3.65,1365,749,2.29,"Mathematics",0,8,0,6,8,3,49500,1,3,"Entry",1,"No","Medio"
"S03576",22,"Male",3.87,1476,816,3.09,"Medicine",4,7,2,2,5,1,41000,7,1,"Entry",2,"Yes","Medio"
"S03577",22,"Male",3.61,1188,973,2.12,"Medicine",1,4,1,5,5,4,46600,3,5,"Entry",10,"No","Medio"
"S03578",18,"Male",2.85,949,737,3.76,"Medicine",2,8,3,6,9,1,25000,9,4,"Entry",4,"Yes","Bajo"
"S03579",26,"Female",3.27,903,626,2.28,"Mathematics",2,8,0,5,5,2,57800,5,4,"Senior",10,"No","Medio"
"S03580",24,"Male",3.71,1530,278,3.35,"Medicine",0,0,0,4,9,2,57500,1,1,"Entry",3,"No","Medio"
"S03582",26,"Male",2.43,1575,529,2.8,"Mathematics",4,4,0,2,1,1,59200,4,2,"Entry",5,"No","Medio"
"S03583",23,"Male",2.34,1122,86,3.53,"Mathematics",2,5,1,1,8,3,47100,8,2,"Mid",6,"No","Medio"
"S03585",22,"Female",3.44,1161,317,3.45,"Medicine",3,2,3,4,2,2,45200,6,4,"Entry",9,"Yes","Medio"
"S03587",28,"Male",2.49,1434,902,3.19,"Medicine",3,9,4,9,5,2,25000,4,2,"Entry",2,"No","Bajo"
"S03592",26,"Female",2.11,923,315,3.9,"Mathematics",1,4,4,9,8,4,55200,4,1,"Entry",3,"No","Medio"
"S03593",22,"Female",2.25,1192,225,2.75,"Medicine",1,1,0,8,4,3,31300,1,5,"Senior",9,"No","Medio"
"S03594",23,"Male",3,1456,423,3.15,"Medicine",0,0,4,6,10,0,32000,10,2,"Mid",3,"Yes","Medio"
"S03596",29,"Female",2.59,1255,894,2.72,"Mathematics",2,4,3,9,7,2,63500,1,3,"Entry",9,"No","Alto"
"S03599",20,"Male",3.38,1256,816,3.03,"Medicine",2,0,3,6,9,4,25000,2,5,"Mid",6,"No","Bajo"
"S03606",28,"Male",3.51,1052,155,2.87,"Medicine",0,0,3,10,6,1,44600,4,5,"Entry",8,"No","Medio"
"S03611",21,"Male",3.85,911,559,2.51,"Mathematics",0,9,0,5,9,0,58000,9,3,"Mid",10,"Yes","Medio"
"S03612",29,"Other",3.21,1415,754,3.5,"Medicine",0,0,5,1,3,1,59500,4,2,"Entry",7,"No","Medio"
"S03621",21,"Female",3.65,1239,682,2.43,"Medicine",0,9,5,9,3,0,43800,2,3,"Mid",5,"No","Medio"
"S03623",25,"Male",2.2,1516,944,3.71,"Mathematics",3,2,3,7,4,2,69900,1,1,"Mid",8,"No","Alto"
"S03634",28,"Male",2.33,937,972,2.02,"Mathematics",0,9,0,5,7,2,48500,10,1,"Entry",1,"No","Medio"
"S03635",28,"Female",2.78,1353,731,2.7,"Medicine",3,1,0,4,4,3,37100,3,5,"Mid",9,"No","Medio"
"S03636",18,"Male",2.37,1065,568,2.18,"Medicine",1,5,5,8,5,2,80500,2,1,"Entry",3,"Yes","Alto"
"S03641",19,"Female",2.18,1295,618,2.51,"Medicine",1,6,4,4,2,1,44500,3,2,"Mid",10,"No","Medio"
"S03646",18,"Female",3.65,1209,530,2.37,"Mathematics",3,0,5,1,2,3,59500,5,1,"Senior",1,"No","Medio"
"S03648",18,"Male",2.54,1013,125,2.79,"Mathematics",1,6,1,7,6,1,54400,5,1,"Entry",8,"No","Medio"
"S03651",25,"Female",3.99,1372,480,2.79,"Mathematics",0,1,4,1,5,0,34200,5,4,"Entry",3,"No","Medio"
"S03654",20,"Male",3.39,1505,650,3.74,"Mathematics",4,8,1,1,1,0,64500,2,4,"Entry",3,"No","Alto"
"S03656",21,"Male",3.69,1304,398,2.44,"Medicine",3,2,2,2,3,0,29300,8,3,"Mid",9,"No","Bajo"
"S03659",23,"Female",3.02,1327,30,3.22,"Medicine",1,1,1,4,5,4,34600,5,3,"Mid",3,"Yes","Medio"
"S03662",27,"Male",3.69,1113,938,3.06,"Medicine",4,9,3,1,10,4,40600,3,1,"Mid",4,"Yes","Medio"
"S03663",20,"Female",2.62,997,132,2.86,"Medicine",2,3,4,2,6,2,75300,1,3,"Mid",6,"No","Alto"
"S03666",28,"Male",2.91,1427,152,3.01,"Medicine",1,3,2,6,6,3,42700,10,5,"Senior",7,"No","Medio"
"S03670",27,"Male",3.5,1448,933,3.88,"Mathematics",0,2,1,2,1,0,34200,1,2,"Entry",1,"No","Medio"
"S03671",22,"Male",2.19,1227,506,2.63,"Medicine",0,1,4,1,9,4,55300,8,2,"Entry",4,"No","Medio"
"S03675",20,"Female",2.32,1417,965,3.87,"Medicine",2,6,2,2,7,1,63000,4,5,"Mid",5,"No","Alto"
"S03679",19,"Female",2.94,1588,126,3.25,"Mathematics",4,4,1,1,6,3,49200,5,5,"Mid",8,"No","Medio"
"S03683",28,"Female",3.06,1315,612,3.56,"Mathematics",2,1,1,10,7,1,39100,6,3,"Mid",1,"No","Medio"
"S03685",18,"Female",2.78,1497,446,2.63,"Mathematics",1,4,2,2,10,5,58200,1,3,"Senior",5,"No","Medio"
"S03688",22,"Male",2.35,1297,508,3.48,"Mathematics",1,8,2,2,2,2,48800,9,5,"Entry",4,"Yes","Medio"
"S03689",22,"Male",3.55,1292,457,2.93,"Mathematics",4,7,0,5,3,0,51200,8,4,"Mid",10,"Yes","Medio"
"S03690",26,"Male",3.89,946,986,3.2,"Medicine",0,1,4,10,2,2,55800,5,5,"Entry",9,"No","Medio"
"S03691",18,"Female",2.2,1240,908,2.83,"Mathematics",4,1,2,7,1,4,65600,7,1,"Senior",8,"No","Alto"
"S03693",23,"Male",3.92,1505,385,2.36,"Medicine",1,3,3,9,8,1,34900,9,3,"Entry",7,"No","Medio"
"S03703",18,"Female",2.48,1442,910,2.46,"Mathematics",3,4,3,9,10,4,36800,3,1,"Entry",6,"No","Medio"
"S03705",29,"Male",3.06,1000,585,2.45,"Medicine",3,3,4,1,6,5,61500,10,5,"Mid",6,"No","Alto"
"S03714",25,"Male",3.7,1597,131,3.45,"Mathematics",2,0,5,9,4,0,62300,4,2,"Mid",10,"No","Alto"
"S03716",19,"Female",3.25,1600,281,2.44,"Mathematics",1,8,2,4,7,5,54000,10,4,"Senior",7,"Yes","Medio"
"S03724",25,"Female",3.95,1425,942,3,"Medicine",1,8,0,3,4,2,50900,4,5,"Entry",1,"Yes","Medio"
"S03729",20,"Male",2.9,1578,808,3.3,"Medicine",4,2,2,2,9,2,54100,9,2,"Senior",8,"No","Medio"
"S03730",22,"Male",2.62,1477,256,2.84,"Mathematics",0,9,1,7,5,0,53100,7,4,"Executive",7,"No","Medio"
"S03735",22,"Male",3.75,1211,855,3.87,"Mathematics",1,0,5,7,7,1,58700,7,1,"Senior",2,"No","Medio"
"S03737",22,"Male",2.48,966,539,2.08,"Medicine",4,0,4,5,5,4,56200,1,2,"Entry",6,"Yes","Medio"
"S03740",20,"Female",2.41,1134,50,3.18,"Mathematics",1,0,3,10,4,2,43400,6,5,"Senior",1,"No","Medio"
"S03741",28,"Female",3.25,1542,61,2.37,"Medicine",2,9,1,7,7,0,42500,8,3,"Entry",3,"No","Medio"
"S03743",19,"Female",3.69,1288,269,2.74,"Mathematics",3,4,2,7,9,4,63600,6,2,"Entry",2,"No","Alto"
"S03746",29,"Male",2.19,1138,597,2.92,"Mathematics",2,3,0,6,8,1,34500,3,1,"Executive",2,"No","Medio"
"S03748",22,"Male",3.97,1011,276,2.87,"Medicine",0,7,1,6,8,1,63800,4,5,"Entry",7,"No","Alto"
"S03749",23,"Male",3.62,987,31,3.59,"Mathematics",2,6,4,10,8,3,25000,7,4,"Mid",5,"No","Bajo"
"S03750",28,"Female",2.32,1375,8,3.32,"Medicine",2,4,0,4,7,1,66400,7,5,"Mid",7,"Yes","Alto"
"S03754",18,"Female",3.51,1107,33,3.32,"Mathematics",1,1,1,6,6,0,42400,6,1,"Mid",7,"Yes","Medio"
"S03755",25,"Female",3.5,1481,810,3.81,"Medicine",1,6,1,1,2,5,36400,9,4,"Mid",8,"Yes","Medio"
"S03759",29,"Female",2.25,1248,928,2.65,"Mathematics",4,3,2,7,1,5,25000,8,4,"Mid",4,"No","Bajo"
"S03765",29,"Male",3.86,1035,740,3.76,"Mathematics",4,9,2,5,4,2,52900,9,3,"Mid",2,"No","Medio"
"S03770",27,"Male",2.65,1341,212,3.96,"Medicine",0,7,0,10,6,0,34600,1,5,"Senior",5,"No","Medio"
"S03771",21,"Male",2.93,937,821,2.22,"Medicine",3,5,0,8,1,4,38500,1,1,"Entry",9,"No","Medio"
"S03777",28,"Female",2.38,900,361,2.39,"Medicine",3,0,1,2,1,0,34800,4,5,"Senior",4,"No","Medio"
"S03778",28,"Female",3.1,1280,304,3.11,"Mathematics",4,1,5,2,6,2,55500,8,5,"Executive",10,"Yes","Medio"
"S03779",26,"Female",2.05,1436,296,3.75,"Medicine",0,1,3,1,6,5,35500,6,4,"Mid",7,"Yes","Medio"
"S03783",20,"Male",2.1,931,196,3.6,"Mathematics",2,3,2,1,5,4,47000,4,5,"Senior",3,"No","Medio"
"S03784",22,"Female",2.42,1444,600,2.26,"Medicine",2,1,4,1,1,2,66000,5,1,"Entry",7,"No","Alto"
"S03795",18,"Male",3.23,1562,582,3.16,"Mathematics",2,8,2,9,5,3,73500,3,5,"Mid",5,"No","Alto"
"S03798",18,"Male",3.75,1046,484,3.9,"Mathematics",2,4,3,8,5,4,56300,7,2,"Senior",1,"Yes","Medio"
"S03799",25,"Male",3.49,1397,589,2.84,"Mathematics",0,8,1,9,8,3,73300,10,5,"Entry",1,"No","Alto"
"S03805",24,"Male",2.6,1214,466,2.97,"Mathematics",4,2,2,10,9,4,78000,8,5,"Entry",2,"No","Alto"
"S03807",23,"Male",3.52,1432,294,2.01,"Medicine",2,7,1,4,10,3,62000,2,3,"Entry",6,"No","Alto"
"S03811",23,"Female",2.22,1086,215,2.56,"Medicine",2,5,3,7,2,2,73700,6,4,"Mid",6,"No","Alto"
"S03816",19,"Female",2.15,1090,583,3.98,"Medicine",2,9,1,6,3,0,71700,5,2,"Senior",10,"No","Alto"
"S03819",20,"Female",3.58,1184,846,3.29,"Mathematics",2,2,1,7,9,4,60100,1,4,"Entry",1,"No","Alto"
"S03820",25,"Female",3.52,1289,946,2.11,"Mathematics",0,3,4,6,10,3,68100,3,4,"Entry",8,"No","Alto"
"S03822",20,"Male",2.91,1059,182,2.2,"Medicine",2,3,5,5,2,1,53800,7,4,"Entry",5,"No","Medio"
"S03827",18,"Male",2.54,1595,74,3.31,"Medicine",2,7,0,5,9,5,58500,8,3,"Entry",10,"Yes","Medio"
"S03833",21,"Female",2.55,1598,433,3.38,"Mathematics",1,3,1,5,10,0,37200,5,1,"Mid",4,"No","Medio"
"S03834",26,"Male",2.23,1473,641,2.26,"Medicine",2,3,2,1,8,5,41900,6,4,"Entry",3,"No","Medio"
"S03835",22,"Female",2.23,1047,334,2.38,"Medicine",3,6,5,4,3,5,60100,1,4,"Mid",7,"No","Alto"
"S03840",22,"Male",3.7,1323,35,2.79,"Mathematics",3,3,3,9,2,0,61900,10,3,"Entry",9,"No","Alto"
"S03841",29,"Female",3.2,1018,444,3.38,"Medicine",0,7,0,5,7,0,44300,7,3,"Entry",3,"No","Medio"
"S03850",19,"Female",2.5,1334,79,2.11,"Mathematics",0,4,5,1,2,3,62300,10,5,"Entry",4,"No","Alto"
"S03851",21,"Female",2.86,1133,893,3.15,"Mathematics",3,6,0,2,9,3,54000,5,1,"Entry",9,"No","Medio"
"S03854",20,"Female",3.35,1211,729,3.57,"Medicine",2,3,4,9,4,4,57800,9,4,"Entry",7,"No","Medio"
"S03860",28,"Female",2.31,986,644,2.73,"Medicine",1,9,2,8,4,3,31200,1,5,"Mid",8,"No","Medio"
"S03861",23,"Female",2.75,1308,463,3.12,"Mathematics",4,4,4,2,2,5,30600,2,2,"Senior",7,"Yes","Medio"
"S03867",27,"Female",3.72,1591,510,2,"Mathematics",3,7,3,6,1,1,40400,1,1,"Senior",3,"No","Medio"
"S03868",29,"Male",3.51,1083,502,3.65,"Medicine",4,1,5,5,4,2,42400,1,2,"Entry",3,"No","Medio"
"S03875",29,"Male",3.33,1334,755,3.13,"Mathematics",2,5,0,3,4,0,26500,3,1,"Mid",4,"No","Bajo"
"S03876",19,"Male",3.36,1524,90,2.47,"Medicine",4,9,3,4,8,5,54600,4,2,"Mid",6,"No","Medio"
"S03877",24,"Other",2.08,1307,691,2.03,"Medicine",3,5,4,1,8,2,48900,5,4,"Senior",10,"No","Medio"
"S03879",25,"Male",2.97,1568,58,3.22,"Medicine",2,3,3,3,8,3,54800,3,3,"Executive",10,"No","Medio"
"S03880",24,"Female",2.21,1265,973,2.04,"Mathematics",1,1,3,10,3,4,34700,3,3,"Mid",3,"No","Medio"
"S03884",23,"Female",2.83,1386,819,2.31,"Mathematics",2,4,1,9,5,5,64100,4,4,"Entry",6,"No","Alto"
"S03887",24,"Female",3.41,1520,858,3.53,"Mathematics",0,9,3,2,5,5,37900,5,1,"Entry",7,"No","Medio"
"S03888",18,"Male",3.23,1300,876,3.17,"Mathematics",0,9,3,3,3,3,54600,8,1,"Entry",10,"No","Medio"
"S03892",22,"Female",2.47,1291,430,3.84,"Mathematics",0,3,2,2,6,5,46700,10,1,"Entry",9,"No","Medio"
"S03893",20,"Female",3.88,1251,806,3.83,"Mathematics",2,7,4,8,1,3,35400,10,3,"Entry",10,"No","Medio"
"S03895",20,"Female",2.62,1475,13,2.16,"Mathematics",4,8,5,10,8,0,57300,8,5,"Entry",5,"No","Medio"
"S03897",26,"Male",3.61,1532,907,3.98,"Mathematics",4,7,4,2,4,1,63000,4,1,"Entry",4,"No","Alto"
"S03898",23,"Female",2.32,1187,970,2.98,"Mathematics",3,7,2,9,7,1,69100,7,4,"Executive",10,"No","Alto"
"S03900",24,"Female",3.36,1061,743,3.54,"Medicine",0,9,4,4,2,2,70700,8,1,"Entry",1,"No","Alto"
"S03901",24,"Male",2.63,1516,690,2.53,"Medicine",3,5,2,7,4,4,50100,8,3,"Mid",8,"No","Medio"
"S03912",21,"Male",3.02,1033,818,3.06,"Medicine",2,9,2,3,1,3,49600,3,1,"Mid",9,"No","Medio"
"S03914",25,"Female",3.97,1261,455,3.03,"Mathematics",4,1,2,3,10,3,57500,1,5,"Entry",4,"No","Medio"
"S03916",21,"Female",2.89,1116,742,3.33,"Mathematics",2,7,1,4,10,2,36000,8,4,"Entry",10,"No","Medio"
"S03923",19,"Male",2.39,1484,771,3.82,"Medicine",1,4,4,7,9,0,60000,4,2,"Entry",9,"No","Alto"
"S03924",19,"Male",2.97,1093,238,3.15,"Mathematics",3,7,5,10,10,0,55900,5,4,"Entry",10,"No","Medio"
"S03925",25,"Female",3.57,1566,246,3.4,"Mathematics",1,1,5,8,1,1,49200,10,5,"Mid",6,"No","Medio"
"S03928",26,"Male",2.16,1283,310,2.98,"Medicine",3,8,1,3,6,0,59100,4,2,"Senior",1,"No","Medio"
"S03931",26,"Male",3.23,1028,38,2.14,"Medicine",3,8,2,3,6,1,32400,7,2,"Entry",9,"No","Medio"
"S03932",18,"Male",3.95,1257,796,2.85,"Mathematics",4,2,1,5,4,2,40000,9,3,"Entry",4,"No","Medio"
"S03939",24,"Female",2.67,916,619,2.4,"Medicine",4,1,2,4,8,2,55300,4,3,"Entry",8,"No","Medio"
"S03945",22,"Male",2.18,1533,838,3.35,"Medicine",0,8,3,3,10,5,51900,5,5,"Executive",6,"Yes","Medio"
"S03952",28,"Female",3.56,1528,994,3.95,"Medicine",1,0,4,3,9,4,72300,8,3,"Entry",6,"No","Alto"
"S03957",29,"Male",2.63,1475,984,2.81,"Medicine",3,6,3,10,5,2,44000,9,4,"Mid",6,"No","Medio"
"S03959",21,"Female",3.07,1454,562,2.36,"Mathematics",2,1,3,1,5,3,57100,6,5,"Mid",10,"No","Medio"
"S03960",19,"Male",3.65,1024,10,2.11,"Mathematics",0,4,2,6,8,4,45000,5,2,"Entry",6,"No","Medio"
"S03961",20,"Male",3.96,1169,591,3.9,"Medicine",1,7,1,2,10,4,35800,8,5,"Senior",8,"No","Medio"
"S03962",20,"Male",2.82,1379,549,2.01,"Medicine",2,9,3,8,5,4,72300,5,2,"Entry",2,"Yes","Alto"
"S03970",27,"Male",2.24,1536,254,3.61,"Mathematics",1,0,3,3,2,5,64800,7,2,"Mid",7,"Yes","Alto"
"S03973",18,"Female",3.86,1227,463,2.41,"Mathematics",0,3,3,2,8,3,55100,7,5,"Mid",8,"No","Medio"
"S03978",24,"Male",3.2,934,628,3.77,"Medicine",0,6,4,3,1,5,28700,10,4,"Mid",3,"No","Bajo"
"S03980",24,"Female",2.78,1452,492,2.91,"Mathematics",3,8,5,7,4,4,47300,9,2,"Senior",2,"No","Medio"
"S03984",22,"Female",2.84,1134,360,2.75,"Mathematics",3,5,5,2,10,5,54400,1,4,"Mid",4,"Yes","Medio"
"S03987",29,"Female",3.53,1391,367,2.16,"Medicine",0,5,4,2,9,0,64500,8,4,"Entry",10,"No","Alto"
"S03989",18,"Female",2.16,1543,347,3.57,"Mathematics",4,5,1,8,5,4,46900,8,4,"Mid",7,"No","Medio"
"S03990",21,"Female",2.02,1075,803,2.06,"Mathematics",1,1,3,3,2,3,52300,8,3,"Entry",1,"Yes","Medio"
"S03992",26,"Male",2.82,1449,96,3.19,"Medicine",3,0,3,6,7,1,71900,9,2,"Senior",9,"No","Alto"
"S03994",21,"Female",2.94,1388,854,2.57,"Mathematics",2,2,0,6,10,4,44200,7,1,"Mid",2,"No","Medio"
"S03998",22,"Female",3.2,1116,884,3.47,"Mathematics",3,7,4,4,3,4,61300,4,5,"Entry",5,"Yes","Alto"
"S04004",29,"Female",3.25,925,971,3.97,"Medicine",0,0,4,7,1,0,59200,9,4,"Entry",7,"No","Medio"
"S04011",29,"Other",3.23,1482,124,3.86,"Mathematics",2,9,4,3,1,0,70700,7,3,"Entry",4,"No","Alto"
"S04014",19,"Male",2.63,1449,941,2.13,"Mathematics",2,6,0,9,9,1,58300,4,5,"Entry",2,"No","Medio"
"S04017",19,"Male",2.84,1100,290,3.39,"Mathematics",2,4,2,6,6,5,56700,2,1,"Entry",2,"No","Medio"
"S04019",26,"Male",2.02,1151,13,2.73,"Medicine",1,0,1,2,3,1,52300,9,5,"Entry",6,"No","Medio"
"S04030",25,"Female",2.39,1192,176,2.95,"Medicine",1,2,1,9,10,2,52600,4,2,"Mid",5,"No","Medio"
"S04031",25,"Male",3.23,1259,29,3.71,"Medicine",1,8,5,3,4,1,58900,9,4,"Entry",10,"No","Medio"
"S04033",21,"Female",3.76,1113,535,2.18,"Mathematics",1,6,5,9,2,1,36700,7,5,"Entry",8,"No","Medio"
"S04044",23,"Female",3.32,1069,241,2.22,"Medicine",3,6,3,8,7,0,71000,6,2,"Entry",2,"No","Alto"
"S04046",21,"Male",3.62,1300,898,2.47,"Medicine",0,8,1,1,1,4,38600,1,3,"Executive",8,"No","Medio"
"S04048",29,"Male",3.58,1451,685,2.01,"Mathematics",3,7,2,4,4,0,49700,1,4,"Entry",3,"No","Medio"
"S04049",28,"Female",2.13,1579,561,3.28,"Mathematics",3,2,1,8,4,4,28800,6,3,"Entry",10,"No","Bajo"
"S04052",18,"Male",3.71,1356,618,2.73,"Medicine",1,6,1,5,3,0,55900,8,5,"Executive",4,"No","Medio"
"S04053",23,"Female",2.51,1434,988,3.92,"Medicine",1,6,2,10,4,0,25000,2,1,"Senior",10,"No","Bajo"
"S04056",22,"Female",2.42,1143,708,3.15,"Medicine",1,3,4,5,8,1,43200,7,3,"Mid",1,"No","Medio"
"S04065",18,"Female",3.22,1078,512,3.31,"Medicine",0,3,5,1,8,4,58300,9,1,"Entry",9,"No","Medio"
"S04067",27,"Female",3.66,1576,970,2.46,"Medicine",4,5,2,10,2,2,68100,8,2,"Entry",10,"No","Alto"
"S04068",20,"Female",2.71,1373,900,2.81,"Mathematics",2,9,1,2,6,1,40200,6,2,"Mid",8,"No","Medio"
"S04078",26,"Male",3.43,1349,29,3.36,"Medicine",0,4,1,8,6,4,54400,6,3,"Senior",6,"Yes","Medio"
"S04080",27,"Male",3.8,1102,658,2.53,"Medicine",4,0,5,5,3,0,83200,5,4,"Senior",3,"No","Alto"
"S04083",23,"Other",3,1264,880,2.91,"Mathematics",0,9,2,10,9,1,42700,5,1,"Entry",6,"No","Medio"
"S04084",18,"Female",2.98,1003,117,3.88,"Medicine",3,9,4,10,7,0,49500,2,3,"Executive",5,"No","Medio"
"S04086",24,"Male",2.41,1327,289,2.51,"Mathematics",1,9,2,1,9,1,52800,7,1,"Mid",6,"No","Medio"
"S04088",18,"Other",2.9,1480,236,3.29,"Medicine",4,8,5,7,8,1,25000,3,5,"Senior",9,"No","Bajo"
"S04089",25,"Male",3.92,1579,42,3.04,"Mathematics",3,7,1,3,8,5,30700,4,5,"Mid",8,"No","Medio"
"S04090",29,"Male",2.52,1460,160,2.19,"Mathematics",3,6,1,7,4,2,36300,6,5,"Senior",8,"No","Medio"
"S04095",22,"Male",3.65,1100,276,2.18,"Medicine",4,6,4,6,1,1,40700,2,4,"Entry",7,"No","Medio"
"S04097",28,"Male",3.2,1403,963,3.86,"Mathematics",2,6,5,9,8,2,32700,2,3,"Entry",3,"Yes","Medio"
"S04108",24,"Other",2.43,1125,95,2.41,"Medicine",2,5,2,8,9,2,26600,9,3,"Mid",10,"No","Bajo"
"S04109",21,"Male",3.94,1386,424,2.7,"Mathematics",4,6,4,3,8,1,45000,7,2,"Senior",2,"No","Medio"
"S04118",26,"Male",3.15,1280,993,3.43,"Mathematics",1,6,3,5,9,3,32300,2,2,"Senior",6,"No","Medio"
"S04120",25,"Female",2.73,1306,42,2.04,"Mathematics",4,9,5,3,2,0,64000,6,1,"Entry",4,"Yes","Alto"
"S04123",26,"Male",2.3,1000,403,2.22,"Mathematics",3,2,1,9,6,1,57600,6,1,"Entry",7,"No","Medio"
"S04124",25,"Male",2.93,1468,755,2.92,"Mathematics",0,0,4,5,10,3,25000,6,4,"Entry",1,"No","Bajo"
"S04127",28,"Male",2.92,1475,300,2.92,"Medicine",1,5,0,8,4,4,76500,6,2,"Entry",5,"No","Alto"
"S04132",19,"Male",2.1,993,430,2.73,"Mathematics",0,1,5,8,5,0,36000,3,2,"Mid",2,"No","Medio"
"S04134",29,"Male",3.12,925,685,2.7,"Mathematics",4,1,3,6,2,1,62900,5,4,"Entry",8,"No","Alto"
"S04135",29,"Male",2.5,1334,789,3.36,"Mathematics",1,0,5,4,3,1,45200,2,4,"Entry",2,"Yes","Medio"
"S04139",21,"Male",2.36,1309,30,3.26,"Medicine",1,2,1,5,3,0,46900,6,4,"Entry",9,"No","Medio"
"S04141",25,"Female",3.67,1278,517,2.3,"Mathematics",2,0,1,5,9,5,36500,4,2,"Mid",8,"Yes","Medio"
"S04142",26,"Male",3.23,999,575,2.92,"Medicine",2,6,3,2,9,4,51400,10,2,"Executive",9,"No","Medio"
"S04143",24,"Male",3.83,1223,221,3.09,"Medicine",3,9,2,7,3,3,40600,4,5,"Senior",2,"Yes","Medio"
"S04147",19,"Female",3.02,1466,494,3.08,"Mathematics",2,3,5,8,5,4,53500,3,1,"Mid",9,"No","Medio"
"S04148",28,"Male",4,1009,754,2.48,"Medicine",0,4,1,10,9,0,26300,8,2,"Entry",2,"No","Bajo"
"S04149",29,"Female",3.39,1048,253,2.38,"Mathematics",3,7,0,2,9,4,52800,5,5,"Mid",9,"No","Medio"
"S04158",26,"Male",2.94,1324,412,2.95,"Mathematics",3,0,0,4,8,2,54700,5,4,"Executive",9,"Yes","Medio"
"S04159",27,"Male",2.85,1346,492,2.57,"Medicine",2,0,2,3,8,3,25800,1,1,"Mid",2,"No","Bajo"
"S04162",28,"Male",3.52,1555,783,2.92,"Mathematics",2,5,5,4,8,2,75600,7,2,"Entry",6,"Yes","Alto"
"S04163",20,"Female",3.98,1464,949,3.18,"Medicine",2,4,1,7,2,0,30400,1,4,"Entry",10,"No","Medio"
"S04170",28,"Male",3.21,1473,290,2.8,"Mathematics",1,8,3,3,10,4,40400,2,2,"Mid",4,"No","Medio"
"S04171",28,"Female",3.41,1109,380,2.06,"Medicine",3,9,0,6,2,1,56100,5,4,"Entry",7,"No","Medio"
"S04172",18,"Male",3.36,1269,902,3.51,"Medicine",3,2,3,7,5,0,50800,7,1,"Entry",3,"No","Medio"
"S04174",21,"Female",2.66,1527,355,3.24,"Medicine",0,8,2,7,5,2,52900,2,4,"Entry",5,"No","Medio"
"S04175",23,"Male",3.36,1357,743,3.71,"Medicine",3,4,5,9,7,1,46700,5,2,"Entry",8,"No","Medio"
"S04176",25,"Female",2.7,1476,935,3.03,"Mathematics",0,3,3,2,1,3,83100,6,1,"Mid",9,"No","Alto"
"S04181",19,"Male",3.66,1563,703,3.56,"Medicine",0,4,3,10,3,1,36000,7,4,"Mid",6,"No","Medio"
"S04185",22,"Male",3.48,1325,59,2.85,"Medicine",0,2,5,7,4,4,30100,3,2,"Entry",3,"No","Medio"
"S04194",23,"Female",2.27,1588,79,2.45,"Mathematics",0,1,5,2,4,3,42800,3,3,"Senior",9,"No","Medio"
"S04195",28,"Female",2.15,945,558,2.55,"Mathematics",4,2,1,10,6,3,58000,7,5,"Senior",10,"No","Medio"
"S04200",23,"Female",3.68,1125,986,2.74,"Medicine",2,8,5,5,2,5,48000,5,1,"Mid",3,"No","Medio"
"S04201",23,"Female",3.61,979,462,2.4,"Medicine",1,2,0,8,8,3,34500,7,2,"Entry",6,"No","Medio"
"S04202",23,"Female",2.03,1209,626,3.09,"Medicine",0,7,0,2,7,0,36700,10,4,"Senior",6,"Yes","Medio"
"S04203",19,"Male",2.37,934,126,3.95,"Mathematics",2,5,4,4,6,4,25000,9,4,"Entry",3,"Yes","Bajo"
"S04209",28,"Female",2.4,1124,102,2.41,"Medicine",0,1,3,7,6,4,50200,8,3,"Senior",2,"No","Medio"
"S04212",18,"Other",3.98,1565,452,3.88,"Mathematics",4,5,0,7,6,3,51900,10,4,"Mid",7,"No","Medio"
"S04215",28,"Female",3.59,1124,385,3.93,"Medicine",2,9,4,9,10,2,48700,7,3,"Entry",1,"No","Medio"
"S04218",23,"Male",3.97,965,707,2.17,"Medicine",0,1,4,5,10,4,61200,8,3,"Entry",4,"Yes","Alto"
"S04222",29,"Female",3.68,1564,234,2.98,"Mathematics",2,2,0,9,1,2,54500,7,4,"Entry",3,"Yes","Medio"
"S04226",26,"Female",3.18,1389,948,3.57,"Mathematics",0,3,2,3,1,5,65900,2,4,"Entry",9,"No","Alto"
"S04227",29,"Female",2.03,1079,620,2.45,"Medicine",1,1,5,8,3,2,56100,2,5,"Entry",1,"No","Medio"
"S04232",20,"Male",3.31,1101,303,2.51,"Mathematics",3,2,1,7,1,2,83000,9,5,"Entry",9,"No","Alto"
"S04233",24,"Male",2.11,1374,892,3.78,"Medicine",4,8,4,6,5,3,52200,2,4,"Entry",7,"No","Medio"
"S04236",23,"Female",3.16,941,788,2.8,"Medicine",3,3,2,4,10,3,44300,3,5,"Senior",6,"No","Medio"
"S04238",27,"Male",3.44,1592,950,2.73,"Mathematics",1,1,5,7,1,4,61200,9,4,"Entry",8,"No","Alto"
"S04240",21,"Male",2.18,1432,624,3.79,"Medicine",1,1,5,4,4,1,25000,2,1,"Mid",10,"No","Bajo"
"S04253",27,"Female",2.58,959,28,2.45,"Mathematics",4,9,3,6,9,5,27600,4,5,"Entry",9,"No","Bajo"
"S04258",24,"Female",3.27,976,872,3.86,"Medicine",1,7,0,4,3,5,68700,3,5,"Mid",10,"No","Alto"
"S04267",26,"Female",3.45,1424,298,2.09,"Medicine",0,3,4,8,3,5,52000,4,4,"Mid",1,"No","Medio"
"S04268",22,"Male",2.12,1597,31,2.62,"Mathematics",4,5,0,9,4,5,55100,5,1,"Senior",1,"Yes","Medio"
"S04271",22,"Male",3.93,1508,824,2.53,"Mathematics",2,7,4,6,10,5,39700,8,4,"Mid",3,"Yes","Medio"
"S04275",28,"Male",3.19,1447,128,3.37,"Mathematics",4,0,3,6,2,4,43900,8,1,"Senior",8,"No","Medio"
"S04281",19,"Female",3.6,1049,690,2.66,"Mathematics",2,3,5,8,6,1,56600,9,2,"Entry",8,"Yes","Medio"
"S04282",24,"Male",3.83,930,306,3.22,"Medicine",0,4,2,8,10,2,65300,3,2,"Executive",8,"No","Alto"
"S04287",28,"Male",2.42,956,68,2.69,"Medicine",0,7,0,10,8,3,51200,2,3,"Mid",5,"Yes","Medio"
"S04299",20,"Other",3.1,985,485,3.07,"Mathematics",4,6,4,6,10,5,34000,9,4,"Entry",10,"No","Medio"
"S04303",18,"Female",2.94,1495,19,3.44,"Medicine",3,6,5,1,7,0,38200,6,4,"Entry",3,"No","Medio"
"S04308",20,"Female",3.79,1019,58,3.54,"Medicine",3,2,5,4,5,5,52000,10,4,"Entry",7,"No","Medio"
"S04309",20,"Male",3.73,1055,281,3.25,"Mathematics",1,3,0,3,10,3,67600,10,1,"Mid",8,"Yes","Alto"
"S04315",19,"Male",3.82,1430,812,3.45,"Mathematics",0,4,3,1,10,0,60800,2,5,"Entry",10,"No","Alto"
"S04316",21,"Male",3.3,1379,59,3.16,"Mathematics",3,0,2,10,4,2,55100,1,1,"Entry",1,"No","Medio"
"S04320",19,"Male",3.26,1029,412,2.78,"Medicine",2,3,5,8,4,1,54400,10,3,"Entry",10,"No","Medio"
"S04323",19,"Male",3.88,999,417,3.51,"Mathematics",1,0,1,4,1,5,47100,1,1,"Mid",3,"No","Medio"
"S04325",27,"Female",2.62,1198,874,3.89,"Mathematics",1,9,1,9,8,2,52100,3,4,"Executive",9,"No","Medio"
"S04327",21,"Female",2.72,1253,957,2.6,"Medicine",1,4,5,7,1,5,27200,9,2,"Mid",2,"Yes","Bajo"
"S04330",27,"Female",3.48,1229,655,2.76,"Medicine",0,7,2,4,5,2,25000,10,3,"Mid",5,"Yes","Bajo"
"S04341",25,"Male",2.81,1361,818,2.13,"Medicine",4,7,1,1,3,1,48100,7,4,"Entry",8,"No","Medio"
"S04343",21,"Male",3.53,1294,240,2.09,"Mathematics",3,3,5,10,7,3,49600,8,3,"Entry",6,"Yes","Medio"
"S04344",22,"Male",3.98,1170,59,2.59,"Medicine",0,2,2,9,9,2,46900,8,3,"Mid",10,"No","Medio"
"S04354",29,"Female",2.91,1289,523,2.64,"Medicine",3,6,3,4,6,4,62100,10,3,"Mid",3,"No","Alto"
"S04361",22,"Male",2.53,1086,563,2.28,"Mathematics",4,0,5,8,2,2,27600,8,5,"Entry",10,"Yes","Bajo"
"S04362",21,"Female",3.21,1289,57,2.94,"Medicine",2,2,0,3,6,5,34800,2,3,"Senior",3,"No","Medio"
"S04369",26,"Female",2.64,947,466,2.43,"Mathematics",0,5,5,2,4,4,50900,5,1,"Entry",1,"No","Medio"
"S04372",29,"Female",2.19,1511,804,3.29,"Mathematics",1,7,5,1,4,2,46300,3,2,"Mid",7,"No","Medio"
"S04376",27,"Female",3.51,1240,647,2.27,"Medicine",3,3,2,10,2,0,47900,6,1,"Entry",5,"No","Medio"
"S04377",20,"Female",2.59,1227,652,2.85,"Medicine",2,6,4,8,6,4,30600,6,2,"Executive",9,"No","Medio"
"S04379",18,"Male",3.49,1533,253,2.53,"Medicine",1,9,0,7,5,3,49100,7,4,"Entry",5,"No","Medio"
"S04381",25,"Female",3.46,924,176,3.7,"Mathematics",3,0,5,2,10,0,32300,9,4,"Mid",8,"Yes","Medio"
"S04386",25,"Female",3.84,1212,461,2.68,"Medicine",4,4,0,6,4,1,67300,1,2,"Entry",3,"No","Alto"
"S04387",25,"Female",3.28,1483,864,3.45,"Mathematics",4,2,5,2,8,2,50500,1,3,"Entry",5,"No","Medio"
"S04392",26,"Female",3.47,974,171,2.77,"Medicine",1,3,4,5,10,3,41000,3,1,"Entry",5,"No","Medio"
"S04402",26,"Female",2.52,1525,219,3.34,"Mathematics",3,8,5,1,7,1,68800,5,5,"Entry",4,"No","Alto"
"S04403",26,"Female",3.51,1066,738,2.62,"Medicine",2,2,4,2,5,5,72900,6,5,"Senior",9,"No","Alto"
"S04404",29,"Male",3.44,1199,917,2.42,"Mathematics",0,0,1,2,9,1,65700,4,5,"Entry",6,"No","Alto"
"S04413",23,"Male",3.32,1362,851,2.12,"Medicine",0,9,1,10,7,5,32500,5,4,"Mid",7,"No","Medio"
"S04416",20,"Female",2.23,1003,287,3.05,"Mathematics",0,5,0,8,9,4,46300,2,3,"Entry",7,"No","Medio"
"S04419",21,"Male",3.42,912,406,3.49,"Medicine",4,4,2,8,8,0,35800,6,1,"Mid",5,"No","Medio"
"S04432",28,"Male",2.65,1011,68,2.79,"Medicine",0,5,0,2,5,3,55300,3,2,"Entry",6,"No","Medio"
"S04435",28,"Male",2.52,1314,196,2.7,"Mathematics",0,6,1,8,8,1,44800,8,1,"Entry",5,"No","Medio"
"S04441",22,"Female",3.33,1569,798,2.58,"Mathematics",0,1,4,9,8,5,33500,7,4,"Mid",6,"Yes","Medio"
"S04444",25,"Male",2.37,1429,108,2.08,"Mathematics",2,9,0,5,8,4,30900,8,5,"Entry",10,"No","Medio"
"S04449",27,"Male",2.35,1148,655,2.55,"Medicine",0,6,2,3,6,2,60300,6,5,"Mid",10,"No","Alto"
"S04450",28,"Female",2.74,1279,723,3.6,"Medicine",0,6,0,5,3,3,42300,3,1,"Senior",7,"No","Medio"
"S04459",21,"Female",2.43,1578,27,3.82,"Mathematics",3,6,1,8,7,0,61600,4,5,"Entry",1,"No","Alto"
"S04462",28,"Male",3.24,1032,901,2.95,"Medicine",1,5,5,6,2,3,25000,10,4,"Entry",7,"No","Bajo"
"S04463",22,"Male",2.84,950,425,2.62,"Medicine",0,5,5,6,2,4,61400,8,1,"Mid",7,"No","Alto"
"S04465",23,"Female",3.52,1291,368,3,"Mathematics",1,3,2,5,9,3,66800,5,4,"Entry",9,"No","Alto"
"S04469",20,"Male",2.6,1561,18,2.91,"Mathematics",0,5,0,6,7,5,51600,5,5,"Mid",1,"Yes","Medio"
"S04474",19,"Male",2.75,1554,157,3.75,"Medicine",0,3,1,6,8,0,25000,9,5,"Entry",6,"No","Bajo"
"S04476",24,"Male",2.84,1412,134,2.45,"Mathematics",3,7,5,4,7,2,62100,3,2,"Senior",7,"No","Alto"
"S04478",23,"Female",3.85,1141,601,3.35,"Mathematics",0,9,1,6,6,1,71800,2,4,"Entry",10,"No","Alto"
"S04482",24,"Male",3.79,960,34,2.58,"Mathematics",1,2,4,3,9,0,57400,4,5,"Senior",2,"No","Medio"
"S04490",23,"Female",2.72,1308,336,2.15,"Mathematics",4,7,3,1,3,3,45500,6,5,"Senior",2,"No","Medio"
"S04493",22,"Male",3.58,1196,442,3.31,"Mathematics",4,6,4,7,10,4,77900,6,4,"Entry",10,"No","Alto"
"S04508",28,"Female",2.65,1575,80,2.46,"Medicine",1,9,3,3,6,5,44700,2,1,"Entry",1,"No","Medio"
"S04511",25,"Male",2.57,1594,915,2.94,"Mathematics",2,8,3,4,3,0,61500,10,3,"Entry",4,"No","Alto"
"S04515",24,"Male",2.01,935,570,2.86,"Medicine",4,4,2,8,4,5,48400,7,5,"Mid",8,"No","Medio"
"S04518",28,"Female",3.92,1068,862,2.64,"Mathematics",4,1,5,1,3,5,47900,2,3,"Entry",1,"No","Medio"
"S04519",20,"Female",2.85,1171,169,2.15,"Medicine",0,2,5,9,1,2,25000,4,2,"Entry",1,"No","Bajo"
"S04520",23,"Female",3.03,1446,334,2.91,"Medicine",4,1,2,9,9,3,42900,7,3,"Entry",3,"No","Medio"
"S04522",18,"Male",3.1,1083,236,2.03,"Medicine",2,0,0,3,3,1,68100,9,4,"Entry",6,"No","Alto"
"S04525",20,"Male",3.87,1408,821,2.44,"Mathematics",2,8,0,9,6,4,71200,9,3,"Executive",8,"No","Alto"
"S04532",20,"Male",2.35,1225,606,3.75,"Mathematics",2,2,4,1,3,2,68900,1,1,"Entry",10,"Yes","Alto"
"S04533",20,"Male",2.75,1379,961,3.24,"Medicine",0,7,3,3,3,5,48500,3,2,"Executive",7,"No","Medio"
"S04544",25,"Male",2.3,1179,417,2.1,"Medicine",0,9,0,2,6,5,32400,8,2,"Entry",3,"No","Medio"
"S04549",25,"Male",2.17,1481,372,3.92,"Mathematics",1,2,2,3,3,5,45100,4,2,"Entry",6,"No","Medio"
"S04552",24,"Female",2.82,979,893,4,"Mathematics",2,9,4,9,3,1,56900,8,1,"Entry",2,"No","Medio"
"S04558",19,"Male",3.25,1308,857,2.88,"Medicine",2,1,2,6,9,5,62000,10,4,"Senior",2,"No","Alto"
"S04564",29,"Female",2.8,1222,19,2.31,"Mathematics",1,7,0,9,4,4,48800,6,2,"Senior",2,"Yes","Medio"
"S04571",23,"Female",3.43,1275,860,3.5,"Medicine",1,5,4,8,1,5,41500,5,4,"Mid",5,"No","Medio"
"S04572",18,"Male",3.76,980,726,3.3,"Mathematics",2,2,5,3,5,0,40800,7,3,"Entry",9,"No","Medio"
"S04575",29,"Female",3.92,1366,693,3.45,"Mathematics",3,3,4,9,8,4,30500,5,4,"Senior",8,"No","Medio"
"S04578",25,"Male",3.33,1221,848,3.89,"Medicine",3,5,2,4,4,1,67600,5,5,"Mid",4,"No","Alto"
"S04581",19,"Male",3.51,1165,997,2.18,"Mathematics",3,0,5,10,5,4,71100,10,1,"Mid",8,"No","Alto"
"S04582",26,"Male",3.61,1126,287,2.96,"Medicine",3,6,4,8,10,2,54300,2,1,"Entry",1,"No","Medio"
"S04585",22,"Male",2.23,903,240,2.16,"Medicine",4,9,1,10,7,4,77300,5,2,"Mid",6,"No","Alto"
"S04586",28,"Female",2.17,1338,802,2.35,"Medicine",0,8,4,3,5,3,66900,7,4,"Entry",10,"No","Alto"
"S04587",19,"Male",2.68,1209,287,2.52,"Medicine",4,2,4,3,9,3,40400,10,2,"Executive",4,"No","Medio"
"S04589",21,"Male",3.91,988,395,2.33,"Medicine",3,2,4,2,9,4,56100,10,4,"Entry",3,"No","Medio"
"S04590",18,"Male",3.57,1219,996,3.69,"Medicine",0,5,2,3,10,5,56800,1,4,"Entry",9,"No","Medio"
"S04595",24,"Female",2.75,1133,864,2.22,"Medicine",4,5,3,9,10,1,42800,2,4,"Mid",2,"No","Medio"
"S04596",20,"Female",2.21,1236,712,2.2,"Mathematics",2,3,1,8,6,2,25000,2,1,"Senior",4,"Yes","Bajo"
"S04599",21,"Male",3.77,1337,303,3.43,"Mathematics",1,6,3,5,6,4,61200,4,4,"Entry",10,"No","Alto"
"S04615",22,"Male",3.7,942,27,3.49,"Medicine",1,7,0,8,3,4,40800,10,5,"Mid",1,"No","Medio"
"S04617",27,"Female",2.78,1127,27,3.1,"Medicine",1,5,1,8,10,2,45700,5,4,"Entry",9,"No","Medio"
"S04625",28,"Female",2.86,1541,121,2.45,"Medicine",0,5,5,7,10,5,62000,4,5,"Mid",10,"No","Alto"
"S04645",26,"Male",2.53,1003,424,2.55,"Medicine",4,5,0,3,8,4,34900,4,5,"Senior",5,"No","Medio"
"S04646",23,"Male",2.62,1281,309,3.14,"Medicine",1,6,4,5,4,0,25000,8,1,"Entry",5,"No","Bajo"
"S04647",21,"Female",3.06,1354,526,3.19,"Mathematics",1,9,0,6,9,0,43400,7,3,"Entry",8,"No","Medio"
"S04650",21,"Male",2.17,1070,763,3.19,"Medicine",4,4,4,8,7,2,37900,6,4,"Mid",2,"No","Medio"
"S04659",27,"Male",2.68,1559,614,2.21,"Mathematics",2,2,5,9,3,0,43100,3,1,"Mid",9,"No","Medio"
"S04662",23,"Male",2.06,1236,171,2.33,"Mathematics",1,7,2,10,8,2,62400,2,3,"Mid",7,"No","Alto"
"S04676",28,"Male",3.42,1169,849,3.79,"Mathematics",2,1,5,1,3,0,62400,9,1,"Mid",5,"No","Alto"
"S04678",20,"Female",2.07,999,314,3.94,"Medicine",4,5,1,2,3,3,38100,7,3,"Entry",8,"No","Medio"
"S04680",28,"Female",3.46,1030,415,3.04,"Medicine",1,6,3,10,5,4,47700,4,5,"Mid",1,"Yes","Medio"
"S04683",21,"Female",2.19,1337,815,2.94,"Mathematics",3,8,4,10,9,5,60500,7,4,"Mid",9,"Yes","Alto"
"S04692",26,"Male",3.04,1329,798,2.89,"Mathematics",1,8,0,8,7,3,42500,8,2,"Senior",3,"No","Medio"
"S04695",18,"Male",2.77,1550,657,3.99,"Medicine",0,9,2,10,3,1,36700,9,4,"Executive",2,"No","Medio"
"S04700",23,"Male",2.09,1430,360,3.14,"Mathematics",3,1,4,1,10,3,57900,2,5,"Mid",10,"No","Medio"
"S04703",27,"Male",3.9,1316,720,2.18,"Medicine",0,5,4,3,6,3,44800,5,2,"Mid",4,"No","Medio"
"S04704",19,"Female",2.74,1251,465,3.92,"Mathematics",1,9,3,6,5,0,54400,7,4,"Mid",3,"No","Medio"
"S04709",21,"Female",2.32,1562,72,3.91,"Mathematics",1,5,4,2,8,0,71800,10,3,"Mid",8,"Yes","Alto"
"S04712",26,"Male",3.27,1408,414,3.96,"Mathematics",1,2,0,5,9,4,26100,3,3,"Entry",6,"No","Bajo"
"S04718",27,"Female",3.08,1345,482,2.15,"Mathematics",0,4,1,3,10,0,38300,7,2,"Executive",8,"No","Medio"
"S04721",29,"Female",3.16,997,283,3.75,"Medicine",2,1,2,5,5,1,39200,10,5,"Mid",9,"Yes","Medio"
"S04723",28,"Female",3.91,1561,74,2.5,"Medicine",0,6,3,4,4,1,62500,8,2,"Entry",1,"No","Alto"
"S04731",18,"Male",2.61,1032,341,3.88,"Medicine",1,2,3,9,5,3,33400,1,2,"Mid",4,"No","Medio"
"S04733",24,"Male",2.84,1392,353,3.72,"Mathematics",0,9,5,4,9,3,63300,10,5,"Entry",2,"No","Alto"
"S04734",21,"Male",2.2,1197,946,2.98,"Medicine",1,6,2,1,3,5,50400,9,5,"Entry",5,"No","Medio"
"S04737",22,"Male",3.07,917,462,3.37,"Mathematics",4,5,4,3,5,0,79700,1,2,"Senior",8,"No","Alto"
"S04739",19,"Male",3.27,1458,293,2.05,"Mathematics",2,8,1,1,2,2,45000,1,5,"Entry",2,"Yes","Medio"
"S04749",27,"Female",3.96,1584,265,3.29,"Mathematics",4,8,0,2,7,3,79200,3,3,"Entry",9,"No","Alto"
"S04750",19,"Male",3.04,1097,132,2.91,"Medicine",4,6,3,3,1,3,50200,5,3,"Entry",4,"No","Medio"
"S04751",23,"Male",3.86,1142,834,2.94,"Mathematics",3,2,0,5,6,5,62500,7,4,"Entry",9,"Yes","Alto"
"S04752",20,"Male",2.81,1406,120,2.82,"Medicine",4,5,0,2,7,1,61300,1,3,"Mid",8,"Yes","Alto"
"S04753",21,"Other",4,942,892,2.47,"Mathematics",2,5,4,3,3,3,61400,3,4,"Senior",4,"No","Alto"
"S04755",25,"Female",2.08,1490,417,3.06,"Medicine",2,5,0,6,8,1,36400,10,5,"Entry",2,"No","Medio"
"S04764",20,"Male",3.95,1131,579,3.64,"Medicine",4,1,2,8,7,3,59200,9,3,"Senior",5,"No","Medio"
"S04784",27,"Male",3.4,1194,854,2.87,"Medicine",0,7,4,8,10,4,50100,4,2,"Senior",7,"No","Medio"
"S04786",28,"Female",2.01,1537,719,2.92,"Medicine",4,5,3,5,3,3,50900,4,5,"Mid",4,"No","Medio"
"S04788",23,"Female",3.94,1517,878,2.5,"Medicine",2,0,4,5,5,5,59500,7,5,"Executive",5,"No","Medio"
"S04791",21,"Female",2.39,1521,833,3.17,"Medicine",3,8,4,1,1,1,73700,10,3,"Entry",1,"No","Alto"
"S04793",29,"Female",2.34,1532,652,2.12,"Medicine",0,2,2,1,7,3,59400,9,3,"Mid",1,"No","Medio"
"S04796",29,"Female",4,922,42,2.67,"Medicine",3,0,1,7,3,5,41800,7,4,"Mid",4,"No","Medio"
"S04798",19,"Male",2.11,1226,956,2.69,"Mathematics",4,4,5,5,9,1,41700,6,1,"Mid",10,"No","Medio"
"S04799",23,"Male",2.66,1053,306,2.83,"Mathematics",4,7,2,2,5,0,59700,10,2,"Senior",4,"No","Medio"
"S04801",27,"Female",2.41,1045,467,2.32,"Mathematics",3,6,2,7,5,4,83200,2,1,"Mid",10,"No","Alto"
"S04808",25,"Female",3.82,1062,647,3.34,"Medicine",1,6,0,7,9,3,60400,6,5,"Entry",4,"No","Alto"
"S04812",24,"Male",3.05,1511,721,3.75,"Mathematics",4,2,4,10,1,4,61000,8,4,"Entry",9,"No","Alto"
"S04813",20,"Other",2.18,1335,716,2,"Medicine",1,6,1,4,4,3,63100,5,5,"Entry",2,"No","Alto"
"S04814",23,"Female",2.87,947,622,3.06,"Mathematics",4,7,2,8,2,0,44900,10,5,"Mid",1,"No","Medio"
"S04815",19,"Male",3.16,1344,543,2.43,"Mathematics",1,4,2,4,3,5,56600,2,3,"Executive",10,"No","Medio"
"S04817",18,"Female",2.66,1441,639,3.06,"Mathematics",3,0,2,5,2,3,64400,10,3,"Mid",4,"No","Alto"
"S04819",23,"Male",3.92,1386,194,2.82,"Medicine",2,0,2,8,1,3,64500,7,2,"Entry",7,"Yes","Alto"
"S04823",27,"Male",2.13,954,647,2.58,"Mathematics",1,6,4,2,9,1,31200,10,2,"Mid",2,"No","Medio"
"S04825",22,"Male",2.21,1017,954,2.7,"Mathematics",2,1,0,9,1,2,65300,10,2,"Entry",10,"No","Alto"
"S04826",19,"Male",2.04,1269,58,3.29,"Mathematics",3,2,0,10,1,1,56900,10,1,"Mid",8,"No","Medio"
"S04834",18,"Male",2.82,1343,607,3.58,"Mathematics",1,7,3,10,2,4,58500,6,4,"Mid",8,"No","Medio"
"S04836",29,"Male",3.99,1158,584,3.41,"Medicine",3,2,5,7,9,1,46700,6,3,"Executive",8,"Yes","Medio"
"S04840",27,"Male",2.13,1527,674,2.63,"Mathematics",1,0,2,6,7,2,51600,6,1,"Senior",8,"No","Medio"
"S04845",21,"Female",2.22,1548,541,3.34,"Mathematics",0,0,5,5,5,2,35100,9,2,"Entry",1,"Yes","Medio"
"S04849",24,"Male",3.43,1428,589,3.27,"Medicine",3,5,2,4,2,0,57300,4,1,"Executive",2,"Yes","Medio"
"S04850",22,"Male",3.52,953,571,3.58,"Mathematics",4,8,3,4,10,3,32800,10,1,"Mid",4,"No","Medio"
"S04852",27,"Female",2.09,1583,196,3.54,"Mathematics",1,9,2,6,5,5,72200,4,5,"Entry",10,"No","Alto"
"S04857",18,"Female",2.36,984,389,2.36,"Medicine",3,4,0,4,8,5,53700,9,5,"Mid",7,"No","Medio"
"S04859",22,"Male",3.83,1151,532,3.15,"Mathematics",3,0,5,7,3,4,51200,9,4,"Executive",1,"No","Medio"
"S04860",26,"Female",2.28,1025,149,2.35,"Mathematics",1,6,5,3,3,4,31700,5,4,"Executive",3,"No","Medio"
"S04862",20,"Male",3.19,1304,529,3.6,"Medicine",4,5,4,1,2,2,54600,4,2,"Mid",1,"No","Medio"
"S04868",22,"Female",2.38,1543,956,3.18,"Mathematics",0,2,0,5,2,0,77100,6,4,"Senior",2,"No","Alto"
"S04869",27,"Male",3.12,1410,53,3.07,"Medicine",1,3,1,4,5,0,33100,4,1,"Senior",6,"No","Medio"
"S04870",24,"Male",3.39,1106,436,3.69,"Medicine",1,0,4,9,6,5,61600,1,2,"Mid",10,"No","Alto"
"S04872",29,"Female",2.87,1410,944,3.66,"Mathematics",3,1,4,1,7,2,76500,8,2,"Mid",4,"Yes","Alto"
"S04873",24,"Female",2.77,1543,986,2.42,"Mathematics",2,1,4,4,5,4,36200,4,3,"Mid",6,"No","Medio"
"S04876",23,"Male",3.47,1510,913,2.14,"Medicine",0,9,4,8,6,5,50000,4,4,"Entry",7,"No","Medio"
"S04878",22,"Female",2.84,1256,999,2.05,"Medicine",0,3,3,1,6,4,68300,2,3,"Senior",3,"No","Alto"
"S04884",25,"Other",2.37,1263,909,3.86,"Medicine",4,6,4,5,9,3,72600,8,1,"Mid",7,"No","Alto"
"S04887",22,"Male",2.47,1357,703,2.46,"Mathematics",3,0,1,9,6,3,30300,3,5,"Entry",1,"No","Medio"
"S04890",19,"Male",3.92,1425,875,2.46,"Medicine",0,6,3,2,3,4,50600,7,4,"Entry",3,"No","Medio"
"S04900",29,"Male",2.37,1204,765,3.65,"Medicine",1,0,2,4,3,4,58900,10,5,"Entry",10,"No","Medio"
"S04912",23,"Female",2.34,1475,824,2.5,"Mathematics",3,6,0,6,7,0,29800,8,2,"Mid",9,"No","Bajo"
"S04914",25,"Female",3.85,1573,199,3.61,"Medicine",1,6,5,3,5,1,55800,6,1,"Senior",10,"No","Medio"
"S04918",18,"Male",3.33,1246,939,2.82,"Mathematics",1,3,3,9,8,0,27200,8,4,"Executive",1,"Yes","Bajo"
"S04922",27,"Male",3.96,1386,777,3.61,"Mathematics",1,7,5,9,1,2,55800,4,1,"Entry",1,"No","Medio"
"S04923",25,"Male",3.57,1430,134,3.07,"Medicine",1,0,0,1,10,1,32200,9,5,"Mid",10,"Yes","Medio"
"S04925",18,"Male",2.88,1050,122,2.55,"Mathematics",3,5,2,2,8,0,71200,10,5,"Entry",2,"No","Alto"
"S04928",20,"Male",3.43,1519,970,3.89,"Mathematics",3,5,0,8,4,2,39400,5,1,"Entry",7,"No","Medio"
"S04929",23,"Female",2.22,946,421,2.53,"Medicine",0,4,3,5,4,4,43500,8,4,"Mid",4,"No","Medio"
"S04934",24,"Female",2.05,1596,649,3.21,"Mathematics",3,9,2,5,5,1,49000,6,4,"Entry",4,"No","Medio"
"S04936",27,"Female",3.86,1042,205,2.38,"Mathematics",3,4,5,7,8,4,49400,5,4,"Entry",7,"No","Medio"
"S04939",22,"Female",3.95,946,839,2.43,"Mathematics",1,0,4,2,6,2,74700,4,2,"Executive",2,"No","Alto"
"S04941",18,"Female",2.47,1039,912,2.9,"Medicine",3,8,3,6,10,0,77000,5,2,"Mid",7,"No","Alto"
"S04945",18,"Male",3.45,1390,179,2.19,"Medicine",0,0,3,2,1,5,34300,7,5,"Entry",9,"No","Medio"
"S04955",22,"Male",2.42,1352,461,3.61,"Medicine",2,1,0,10,8,5,56000,2,3,"Entry",8,"Yes","Medio"
"S04958",29,"Other",2.69,995,685,2.2,"Medicine",1,1,1,8,6,0,27000,7,4,"Entry",2,"No","Bajo"
"S04961",29,"Male",3.49,916,599,2.73,"Medicine",3,8,2,1,7,3,25000,8,3,"Mid",2,"Yes","Bajo"
"S04963",25,"Female",3.34,1559,706,2.81,"Mathematics",1,7,4,6,6,1,58600,4,3,"Mid",9,"No","Medio"
"S04967",23,"Female",2.04,1204,356,2.79,"Mathematics",0,3,4,4,6,0,49500,3,4,"Mid",10,"No","Medio"
"S04970",29,"Female",3.72,1464,965,3.42,"Medicine",3,3,1,9,10,1,51400,9,1,"Mid",6,"No","Medio"
"S04983",25,"Female",3.24,1248,131,2.35,"Mathematics",4,9,0,10,8,3,49300,5,3,"Entry",9,"No","Medio"
"S04990",29,"Female",2.47,1342,802,3.83,"Medicine",0,8,2,10,1,1,44400,10,5,"Mid",2,"No","Medio"
"S04992",25,"Female",2.23,1251,197,2.51,"Mathematics",1,2,2,5,6,1,65100,10,3,"Entry",1,"No","Alto"
"S04995",21,"Female",2.65,1539,220,3.88,"Mathematics",0,7,3,5,4,4,43000,10,5,"Executive",5,"No","Medio"
